file	title	group(s)	note
Exhibit_THIRTEEN_Resolving_Hard_Problems_v375.md	PART ONE · AN EXISTING UNIVERSE	1	opening sentence
Exhibit_THIRTEEN_Resolving_Hard_Problems_v375.md	1.1 The universe, the changing set of all existing things	1	step 1 itself
Exhibit_THIRTEEN_Resolving_Hard_Problems_v375.md	1.2 Living and non-living, carrying or carrying nothing	2	10-13; emanation part also 24
Exhibit_THIRTEEN_Resolving_Hard_Problems_v375.md	1.3 Bi-momentary, the self's momentary and the other's at once	8	44-46 overlap, 54 two and a half momentaries each side
Exhibit_THIRTEEN_Resolving_Hard_Problems_v375.md	1.4 Prior, now and next	3	15-18 three places; 1.5-6 the three momentaries
Exhibit_THIRTEEN_Resolving_Hard_Problems_v375.md	1.5 A hard problem arriving, and its resolving	17	98-102
Exhibit_THIRTEEN_Resolving_Hard_Problems_v375.md	PART TWO · PRIOR	22	149-151 prior carried across the between
Exhibit_THIRTEEN_Resolving_Hard_Problems_v375.md	2.1 The carrying, a living self's prior into now	20	121 carrying = sharing chained at one parity (3-self-other-sharing)
Exhibit_THIRTEEN_Resolving_Hard_Problems_v375.md	2.2 The prior between momentaries, a capacity	22	149-150
Exhibit_THIRTEEN_Resolving_Hard_Problems_v375.md	2.3 Evidence, an emanation arriving from a living self's prior	22	157; emanation 88
Exhibit_THIRTEEN_Resolving_Hard_Problems_v375.md	PART THREE · NOW	20	entry/offerings/14/12, 121-126
Exhibit_THIRTEEN_Resolving_Hard_Problems_v375.md	3.1 Offerings at 2, the others' releasings	20	121,123
Exhibit_THIRTEEN_Resolving_Hard_Problems_v375.md	3.2 Surfacing at 14, agreeing one parity and disagreeing 0	20	124; all-or-none 43
Exhibit_THIRTEEN_Resolving_Hard_Problems_v375.md	3.3 At 12, the prior coupling with the now	20	125-126
Exhibit_THIRTEEN_Resolving_Hard_Problems_v375.md	3.4 The non-living at the now	13;24	84-87; ingested one scale inward 170
Exhibit_THIRTEEN_Resolving_Hard_Problems_v375.md	PART FOUR · NEXT	20	127-130
Exhibit_THIRTEEN_Resolving_Hard_Problems_v375.md	4.1 Released across at 10 and 6, chained at 11	20	127-128
Exhibit_THIRTEEN_Resolving_Hard_Problems_v375.md	4.2 Released along at 9, and the society's next momentary at 17	20	129-130
Exhibit_THIRTEEN_Resolving_Hard_Problems_v375.md	4.3 The living step, next as prior inverted	6	39-41
Exhibit_THIRTEEN_Resolving_Hard_Problems_v375.md	4.4 Selves joined, a pattern carried between them	12	81 ring of selves, odd ring at 4n
Exhibit_THIRTEEN_Resolving_Hard_Problems_v375.md	PART FIVE · A FIELD'S ARRIVAL AT THE CODE	17;20	hard problem read at the code names
Exhibit_THIRTEEN_Resolving_Hard_Problems_v375.md	5.1 Four readings at the code	20	living/non-living, prior, now, next at the names
Exhibit_THIRTEEN_Resolving_Hard_Problems_v375.md	5.2 Two accounts at one sharing	20	124 disagreeing surfaces 0; 126 prior inverted
Exhibit_THIRTEEN_Resolving_Hard_Problems_v375.md	5.3 An origin, a self chained none	2;20	living = carrying from first changing (11-12); 126
Exhibit_THIRTEEN_Resolving_Hard_Problems_v375.md	5.4 A measurement, a prior arriving now	22;14	157 evidence gives the prior; 88 emanation
Exhibit_THIRTEEN_Resolving_Hard_Problems_v375.md	5.5 An aggregating, the society's next momentary	20;25	130; 176 whole ordered by no self
Exhibit_THIRTEEN_Resolving_Hard_Problems_v375.md	5.6 A mind, the between presenting no face	25	172,174 competency invisible at the between
Exhibit_THIRTEEN_Resolving_Hard_Problems_v375.md	5.7 A boundary, living and non-living at a named scale and momentary	24	168; self a society inward 163
Exhibit_THIRTEEN_Resolving_Hard_Problems_v375.md	5.8 A persisting, a carrying and a record	22	149-151
Exhibit_THIRTEEN_Resolving_Hard_Problems_v375.md	PART SIX · COMPETENCY OF NEXT LIVING	25	172-182
Exhibit_THIRTEEN_Resolving_Hard_Problems_v375.md	6.1 Discovering next, at each coupling	22	152,156
Exhibit_THIRTEEN_Resolving_Hard_Problems_v375.md	6.2 Two methods at one now	22	158-159
Exhibit_THIRTEEN_Resolving_Hard_Problems_v375.md	6.3 Social moral competency, resolving at each coupling	25;19	176-177; 118-119
Exhibit_TWENTY-ONE_Hard_Problem_Registry_v375.md	PART The conditions prior	22;16	five fixings named unchanged = 159; form still 96; "nothing prior enters" is the non-living face (13)
Exhibit_TWENTY-ONE_Hard_Problem_Registry_v375.md	PART 1 What stands open, and what stands fixed	22	the schema a fixing named unchanged (159)
Exhibit_TWENTY-ONE_Hard_Problem_Registry_v375.md	PART 2 Hard problems in science	17;22	hard problem (98) as the scientific method frames it (158)
Exhibit_TWENTY-ONE_Hard_Problem_Registry_v375.md	PART 3 Derivation	22	158 true/false at its own ledger
Exhibit_TWENTY-ONE_Hard_Problem_Registry_v375.md	3.1 What a refutation identifies	22	158
Exhibit_TWENTY-ONE_Hard_Problem_Registry_v375.md	3.2 Specification	22	159 fixings named unchanged
Exhibit_TWENTY-ONE_Hard_Problem_Registry_v375.md	3.3 Repetition	22;2	test carrying no history = carrying none of prior (11,13)
Exhibit_TWENTY-ONE_Hard_Problem_Registry_v375.md	3.4 The two responses	22	158-159
Exhibit_TWENTY-ONE_Hard_Problem_Registry_v375.md	PART 4 What an entry carries	17	properties of the changing named still (98-99)
Exhibit_TWENTY-ONE_Hard_Problem_Registry_v375.md	4.1 The properties	17	98 conserving relation/reach = the named still
Exhibit_TWENTY-ONE_Hard_Problem_Registry_v375.md	4.2 The report	17	101 observings so far
Exhibit_TWENTY-ONE_Hard_Problem_Registry_v375.md	4.3 Register	22	present standing at its own ledger (158); thin
Exhibit_TWENTY-ONE_Hard_Problem_Registry_v375.md	4.4 Statement rule	22	159
Exhibit_TWENTY-ONE_Hard_Problem_Registry_v375.md	4.5 What is not carried	22;2	priority/sequence not carried: carrying none of prior (13)
Exhibit_TWENTY-ONE_Hard_Problem_Registry_v375.md	PART 5 The entries	17	98
Exhibit_TWENTY-ONE_Hard_Problem_Registry_v375.md	The form	17	98-99
Exhibit_TWENTY-ONE_Hard_Problem_Registry_v375.md	1 Sorites	3	via TWENTY-TWO 10.1: the between, a nothing with no third momentary; a line has no place there (19)
Exhibit_TWENTY-ONE_Hard_Problem_Registry_v375.md	2 The concept of disease	3	via TWENTY-TWO 10.16: the between, a nothing with no third momentary; a line has no place there (19)
Exhibit_TWENTY-ONE_Hard_Problem_Registry_v375.md	3 The population concept	3	via TWENTY-TWO 10.17: the between, a nothing with no third momentary; a line has no place there (19)
Exhibit_TWENTY-ONE_Hard_Problem_Registry_v375.md	4 The rule-following problem	22	via TWENTY-TWO 4.4: carrying re-forming as capacity; evidence; two methods parting at a fixing (149-159)
Exhibit_TWENTY-ONE_Hard_Problem_Registry_v375.md	5 Aggregation of preferences	25	via TWENTY-TWO 7.2: whole ordered by no self (176); society co-competencing (116)
Exhibit_TWENTY-ONE_Hard_Problem_Registry_v375.md	6 The halting problem	4	via TWENTY-TWO 3.2: run completes at own momentary, opens at next (27-28)
Exhibit_TWENTY-ONE_Hard_Problem_Registry_v375.md	7 The pseudogap	14	via TWENTY-TWO 10.18: each probe's onset its coupling (88-89)
Exhibit_TWENTY-ONE_Hard_Problem_Registry_v375.md	8 The measurement problem	7	via TWENTY-TWO 10.2: selection a parity of no size (42)
Exhibit_TWENTY-ONE_Hard_Problem_Registry_v375.md	9 P versus NP	26;4	via TWENTY-TWO 2.2: axis opened at the coupling's own next (26.11); open/complete (27)
Exhibit_TWENTY-ONE_Hard_Problem_Registry_v375.md	10 The problem of induction	22	via TWENTY-TWO 3.1: a carry seats its next at each coupling (150,154)
Exhibit_TWENTY-ONE_Hard_Problem_Registry_v375.md	11 The reference class problem	26	via TWENTY-TWO 2.9: each link a next discovered at a coupling, at no place laid before; each coupling at its own continuing (26.1-18)
Exhibit_TWENTY-ONE_Hard_Problem_Registry_v375.md	12 The origin of life	2	via TWENTY-TWO 1.2: living coming from living: a continuing sequence (9,12)
Exhibit_TWENTY-ONE_Hard_Problem_Registry_v375.md	13 Underdetermination of theory by evidence	22	via TWENTY-TWO 5.17: evidence couples whole, no filter or selection (155)
Exhibit_TWENTY-ONE_Hard_Problem_Registry_v375.md	14 The demarcation problem	3	via TWENTY-TWO 10.19: the between, a nothing with no third momentary; a line has no place there (19)
Exhibit_TWENTY-ONE_Hard_Problem_Registry_v375.md	15 The quantum interpretation debate	25	via TWENTY-TWO 5.12: competency/abundancing made at the coupling, invisible, ordered by no self (172-182)
Exhibit_TWENTY-ONE_Hard_Problem_Registry_v375.md	16 Natural kinds	9	via TWENTY-TWO 10.20: the coupling's own changing, one changing at two sides, owned by neither (58-62)
Exhibit_TWENTY-ONE_Hard_Problem_Registry_v375.md	17 The definition of planet	3	via TWENTY-TWO 10.21: the between, a nothing with no third momentary; a line has no place there (19)
Exhibit_TWENTY-ONE_Hard_Problem_Registry_v375.md	18 Biological individuality	26	via TWENTY-TWO 10.22: a living self bounds itself (26.16)
Exhibit_TWENTY-ONE_Hard_Problem_Registry_v375.md	19 The units of selection	4	via TWENTY-TWO 9.29: self and other arriving from each other, alternating, open/complete overlap (24-29)
Exhibit_TWENTY-ONE_Hard_Problem_Registry_v375.md	20 Species boundaries	3	via TWENTY-TWO 10.5: the between, a nothing with no third momentary; a line has no place there (19)
Exhibit_TWENTY-ONE_Hard_Problem_Registry_v375.md	21 Group three of the periodic table	3	via TWENTY-TWO 10.23: the between, a nothing with no third momentary; a line has no place there (19)
Exhibit_TWENTY-ONE_Hard_Problem_Registry_v375.md	22 Rank-based and clade-based nomenclature	26	via TWENTY-TWO 7.8: each link a next discovered at a coupling, at no place laid before; each coupling at its own continuing (26.1-18)
Exhibit_TWENTY-ONE_Hard_Problem_Registry_v375.md	23 Psychiatric nosology	3	via TWENTY-TWO 10.24: the between, a nothing with no third momentary; a line has no place there (19)
Exhibit_TWENTY-ONE_Hard_Problem_Registry_v375.md	24 Race as a biological category	3	via TWENTY-TWO 10.25: the between, a nothing with no third momentary; a line has no place there (19)
Exhibit_TWENTY-ONE_Hard_Problem_Registry_v375.md	25 The language and dialect boundary	3	via TWENTY-TWO 10.26: the between, a nothing with no third momentary; a line has no place there (19)
Exhibit_TWENTY-ONE_Hard_Problem_Registry_v375.md	26 Dark matter	12	via TWENTY-TWO 8.2: ratios swaying about phi, settling at none (77-79)
Exhibit_TWENTY-ONE_Hard_Problem_Registry_v375.md	27 Heritability and the determination of traits	9	via TWENTY-TWO 9.2: the coupling's own changing, one changing at two sides, owned by neither (58-62)
Exhibit_TWENTY-ONE_Hard_Problem_Registry_v375.md	28 Simultaneity and the present	26	via TWENTY-TWO 7.1: each link a next discovered at a coupling, at no place laid before; each coupling at its own continuing (26.1-18)
Exhibit_TWENTY-ONE_Hard_Problem_Registry_v375.md	29 Free will and determinism	25	via TWENTY-TWO 9.3: the taking at its own between is agency (173)
Exhibit_TWENTY-ONE_Hard_Problem_Registry_v375.md	30 Goodhart's law	7	via TWENTY-TWO 6.1: each changing/resolving is one parity or none, of no size (42-43)
Exhibit_TWENTY-ONE_Hard_Problem_Registry_v375.md	31 The Lucas critique	9	via TWENTY-TWO 3.3: the coupling's own changing, one changing at two sides, owned by neither (58-62)
Exhibit_TWENTY-ONE_Hard_Problem_Registry_v375.md	32 The replication crisis	26	via TWENTY-TWO 3.4: each link a next discovered at a coupling, at no place laid before; each coupling at its own continuing (26.1-18)
Exhibit_TWENTY-ONE_Hard_Problem_Registry_v375.md	33 Levinthal's paradox	26	via TWENTY-TWO 2.3: each link a next discovered at a coupling, at no place laid before; each coupling at its own continuing (26.1-18)
Exhibit_TWENTY-ONE_Hard_Problem_Registry_v375.md	34 Aging	12	via TWENTY-TWO 9.4: damage and regulation swaying (78)
Exhibit_TWENTY-ONE_Hard_Problem_Registry_v375.md	35 The glass transition	3	via TWENTY-TWO 10.3: the between, a nothing with no third momentary; a line has no place there (19)
Exhibit_TWENTY-ONE_Hard_Problem_Registry_v375.md	36 Efficient markets	4	via TWENTY-TWO 9.5: self and other arriving from each other, alternating, open/complete overlap (24-29)
Exhibit_TWENTY-ONE_Hard_Problem_Registry_v375.md	37 The tragedy of the commons	25	via TWENTY-TWO 1.3: competency/abundancing made at the coupling, invisible, ordered by no self (172-182)
Exhibit_TWENTY-ONE_Hard_Problem_Registry_v375.md	38 The arrow of time	4;6	via TWENTY-TWO 1.4: asymmetry made each momentary by the alternating (26); forward is right (41)
Exhibit_TWENTY-ONE_Hard_Problem_Registry_v375.md	39 The frame problem	26	via TWENTY-TWO 2.4: each link a next discovered at a coupling, at no place laid before; each coupling at its own continuing (26.1-18)
Exhibit_TWENTY-ONE_Hard_Problem_Registry_v375.md	40 Simpson's paradox	9	via TWENTY-TWO 9.6: the coupling's own changing, one changing at two sides, owned by neither (58-62)
Exhibit_TWENTY-ONE_Hard_Problem_Registry_v375.md	41 Externalities	3	via TWENTY-TWO 10.4: the between, a nothing with no third momentary; a line has no place there (19)
Exhibit_TWENTY-ONE_Hard_Problem_Registry_v375.md	42 The Collatz conjecture	16	via TWENTY-TWO 3.5: last of all values at once composed (95)
Exhibit_TWENTY-ONE_Hard_Problem_Registry_v375.md	43 The neural code	14	via TWENTY-TWO 10.6: window is the instrument's coupling (88-89)
Exhibit_TWENTY-ONE_Hard_Problem_Registry_v375.md	44 Missing heritability	9	via TWENTY-TWO 9.7: the coupling's own changing, one changing at two sides, owned by neither (58-62)
Exhibit_TWENTY-ONE_Hard_Problem_Registry_v375.md	45 Is and ought	19	via TWENTY-TWO 2.5: morality a consequence, the self's own parity (117)
Exhibit_TWENTY-ONE_Hard_Problem_Registry_v375.md	46 Placebo effects	25	via TWENTY-TWO 9.8: term neither side brought (172)
Exhibit_TWENTY-ONE_Hard_Problem_Registry_v375.md	47 Turbulence and the Navier–Stokes equations	16	via TWENTY-TWO 3.6: all-time smoothness named of the model (95-96)
Exhibit_TWENTY-ONE_Hard_Problem_Registry_v375.md	48 Black hole information	22	via TWENTY-TWO 4.2: carrying re-forming as capacity; evidence; two methods parting at a fixing (149-159)
Exhibit_TWENTY-ONE_Hard_Problem_Registry_v375.md	49 Bell correlations	9	via TWENTY-TWO 10.7: the coupling's own changing, one changing at two sides, owned by neither (58-62)
Exhibit_TWENTY-ONE_Hard_Problem_Registry_v375.md	50 Wave and particle	3	via TWENTY-TWO 10.8: the between, a nothing with no third momentary; a line has no place there (19)
Exhibit_TWENTY-ONE_Hard_Problem_Registry_v375.md	51 Incompleteness and Hilbert's programme	4	via TWENTY-TWO 3.7: self and other arriving from each other, alternating, open/complete overlap (24-29)
Exhibit_TWENTY-ONE_Hard_Problem_Registry_v375.md	52 The continuum hypothesis	5	via TWENTY-TWO 2.6: completed totality dissolves into makings (34-35)
Exhibit_TWENTY-ONE_Hard_Problem_Registry_v375.md	53 Gettier	26	via TWENTY-TWO 2.7: each link a next discovered at a coupling, at no place laid before; each coupling at its own continuing (26.1-18)
Exhibit_TWENTY-ONE_Hard_Problem_Registry_v375.md	54 The Münchhausen trilemma	9	via TWENTY-TWO 1.1: the coupling's own changing, one changing at two sides, owned by neither (58-62)
Exhibit_TWENTY-ONE_Hard_Problem_Registry_v375.md	55 The liar	20	via TWENTY-TWO 10.9: truth predicate at its own sentence: self offered its own, 0 (156)
Exhibit_TWENTY-ONE_Hard_Problem_Registry_v375.md	56 Yablo's paradox	16	via TWENTY-TWO 1.5: closure over a whole tail at once (95)
Exhibit_TWENTY-ONE_Hard_Problem_Registry_v375.md	57 Newcomb's problem	4	via TWENTY-TWO 9.9: self and other arriving from each other, alternating, open/complete overlap (24-29)
Exhibit_TWENTY-ONE_Hard_Problem_Registry_v375.md	58 Zeno's dichotomy	22	via TWENTY-TWO 3.8: the traversal one carrying (149)
Exhibit_TWENTY-ONE_Hard_Problem_Registry_v375.md	59 The three-body problem	16	via TWENTY-TWO 3.9: closed form names the whole run still at once (95)
Exhibit_TWENTY-ONE_Hard_Problem_Registry_v375.md	60 The Fermi paradox	26	via TWENTY-TWO 3.10: each link a next discovered at a coupling, at no place laid before; each coupling at its own continuing (26.1-18)
Exhibit_TWENTY-ONE_Hard_Problem_Registry_v375.md	61 Poverty of the stimulus	9	via TWENTY-TWO 9.10: the coupling's own changing, one changing at two sides, owned by neither (58-62)
Exhibit_TWENTY-ONE_Hard_Problem_Registry_v375.md	62 Morphogenesis	9	via TWENTY-TWO 9.11: the coupling's own changing, one changing at two sides, owned by neither (58-62)
Exhibit_TWENTY-ONE_Hard_Problem_Registry_v375.md	63 Homochirality	15	via TWENTY-TWO 1.6: opposite hand an emanation of the one spiral (93)
Exhibit_TWENTY-ONE_Hard_Problem_Registry_v375.md	64 Matter and antimatter asymmetry	9	via TWENTY-TWO 1.7: the coupling's own changing, one changing at two sides, owned by neither (58-62)
Exhibit_TWENTY-ONE_Hard_Problem_Registry_v375.md	65 The strong CP problem	12	via TWENTY-TWO 8.3: ratios swaying about phi, settling at none (77-79)
Exhibit_TWENTY-ONE_Hard_Problem_Registry_v375.md	66 The problem of time in quantum gravity	26	via TWENTY-TWO 7.3: each link a next discovered at a coupling, at no place laid before; each coupling at its own continuing (26.1-18)
Exhibit_TWENTY-ONE_Hard_Problem_Registry_v375.md	67 Chronic pain	9	via TWENTY-TWO 9.12: the coupling's own changing, one changing at two sides, owned by neither (58-62)
Exhibit_TWENTY-ONE_Hard_Problem_Registry_v375.md	68 The axiom of choice	5	via TWENTY-TWO 2.8: selection with no totality standing (34-35)
Exhibit_TWENTY-ONE_Hard_Problem_Registry_v375.md	69 Skolem's paradox	26	via TWENTY-TWO 7.4: each link a next discovered at a coupling, at no place laid before; each coupling at its own continuing (26.1-18)
Exhibit_TWENTY-ONE_Hard_Problem_Registry_v375.md	70 Grue	26	via TWENTY-TWO 2.10: each link a next discovered at a coupling, at no place laid before; each coupling at its own continuing (26.1-18)
Exhibit_TWENTY-ONE_Hard_Problem_Registry_v375.md	71 The ravens	14	via TWENTY-TWO 2.11: values arrive with the namings at the coupling (91)
Exhibit_TWENTY-ONE_Hard_Problem_Registry_v375.md	72 Personal identity over time	22	via TWENTY-TWO 4.1: carrying re-forming as capacity; evidence; two methods parting at a fixing (149-159)
Exhibit_TWENTY-ONE_Hard_Problem_Registry_v375.md	73 Path dependence and lock-in	22	via TWENTY-TWO 3.11: carrying re-forming as capacity; evidence; two methods parting at a fixing (149-159)
Exhibit_TWENTY-ONE_Hard_Problem_Registry_v375.md	74 The hermeneutic circle	4	via TWENTY-TWO 1.8: self and other arriving from each other, alternating, open/complete overlap (24-29)
Exhibit_TWENTY-ONE_Hard_Problem_Registry_v375.md	75 Hard cases in law	9	via TWENTY-TWO 10.10: the coupling's own changing, one changing at two sides, owned by neither (58-62)
Exhibit_TWENTY-ONE_Hard_Problem_Registry_v375.md	76 Natural law and legal positivism	9	via TWENTY-TWO 10.11: the coupling's own changing, one changing at two sides, owned by neither (58-62)
Exhibit_TWENTY-ONE_Hard_Problem_Registry_v375.md	77 Information as fundamental	9	via TWENTY-TWO 9.13: the coupling's own changing, one changing at two sides, owned by neither (58-62)
Exhibit_TWENTY-ONE_Hard_Problem_Registry_v375.md	78 Meno's paradox	26	via TWENTY-TWO 2.1: each link a next discovered at a coupling, at no place laid before; each coupling at its own continuing (26.1-18)
Exhibit_TWENTY-ONE_Hard_Problem_Registry_v375.md	79 The equity premium puzzle	12	via TWENTY-TWO 8.4: ratios swaying about phi, settling at none (77-79)
Exhibit_TWENTY-ONE_Hard_Problem_Registry_v375.md	80 The Easterlin paradox	7	via TWENTY-TWO 6.2: each changing/resolving is one parity or none, of no size (42-43)
Exhibit_TWENTY-ONE_Hard_Problem_Registry_v375.md	81 Allais and Ellsberg	7	via TWENTY-TWO 6.3: each changing/resolving is one parity or none, of no size (42-43)
Exhibit_TWENTY-ONE_Hard_Problem_Registry_v375.md	82 Time preference and preference reversal	12	via TWENTY-TWO 8.5: ratios swaying about phi, settling at none (77-79)
Exhibit_TWENTY-ONE_Hard_Problem_Registry_v375.md	83 The productivity paradox	25;5	via TWENTY-TWO 6.4: true total over couplings (34); output made at couplings (177)
Exhibit_TWENTY-ONE_Hard_Problem_Registry_v375.md	84 The transformation problem	4	via TWENTY-TWO 9.14: self and other arriving from each other, alternating, open/complete overlap (24-29)
Exhibit_TWENTY-ONE_Hard_Problem_Registry_v375.md	85 Money illusion	7	via TWENTY-TWO 6.5: each changing/resolving is one parity or none, of no size (42-43)
Exhibit_TWENTY-ONE_Hard_Problem_Registry_v375.md	86 The two-fold cost of sex	11;29	via TWENTY-TWO 6.6: crossing with a particular other vs self and all other (72; 29.2)
Exhibit_TWENTY-ONE_Hard_Problem_Registry_v375.md	87 Peto's paradox	23	via TWENTY-TWO 6.7: cells in tissue societies (163)
Exhibit_TWENTY-ONE_Hard_Problem_Registry_v375.md	88 The C-value paradox	14	via TWENTY-TWO 6.8: emanation arriving is an observing; instrument/value at the coupling (88-91)
Exhibit_TWENTY-ONE_Hard_Problem_Registry_v375.md	89 The paradox of the plankton	25;26	via TWENTY-TWO 2.12: abundance, each coexisting its own axis (177)
Exhibit_TWENTY-ONE_Hard_Problem_Registry_v375.md	90 The binding problem	9	via TWENTY-TWO 5.4: the coupling's own changing, one changing at two sides, owned by neither (58-62)
Exhibit_TWENTY-ONE_Hard_Problem_Registry_v375.md	91 Sleep	4	via TWENTY-TWO 5.3: alternating is the function (30)
Exhibit_TWENTY-ONE_Hard_Problem_Registry_v375.md	92 Other minds	25	via TWENTY-TWO 5.5: competency/abundancing made at the coupling, invisible, ordered by no self (172-182)
Exhibit_TWENTY-ONE_Hard_Problem_Registry_v375.md	93 Symbol grounding	9	via TWENTY-TWO 5.6: the coupling's own changing, one changing at two sides, owned by neither (58-62)
Exhibit_TWENTY-ONE_Hard_Problem_Registry_v375.md	94 Interpretability of built systems	18	via TWENTY-TWO 5.7: built system's roles run at coupling (103-107)
Exhibit_TWENTY-ONE_Hard_Problem_Registry_v375.md	95 Machine and animal sentience	18;25	via TWENTY-TWO 5.8: within at each substrate alike (107; 174)
Exhibit_TWENTY-ONE_Hard_Problem_Registry_v375.md	96 Credit assignment	25	via TWENTY-TWO 9.15: abundancing owned by no action alone (177)
Exhibit_TWENTY-ONE_Hard_Problem_Registry_v375.md	97 Generalization in learning	22	via TWENTY-TWO 3.12: carrying re-forming as capacity; evidence; two methods parting at a fixing (149-159)
Exhibit_TWENTY-ONE_Hard_Problem_Registry_v375.md	98 Anesthesia	25	via TWENTY-TWO 5.9: competency/abundancing made at the coupling, invisible, ordered by no self (172-182)
Exhibit_TWENTY-ONE_Hard_Problem_Registry_v375.md	99 Phantom limb	22	via TWENTY-TWO 9.16: map a carrying, re-formed (151)
Exhibit_TWENTY-ONE_Hard_Problem_Registry_v375.md	100 The problem of the criterion	4	via TWENTY-TWO 1.9: self and other arriving from each other, alternating, open/complete overlap (24-29)
Exhibit_TWENTY-ONE_Hard_Problem_Registry_v375.md	101 Skepticism about the external world	14	via TWENTY-TWO 5.10: arising at coupling needs no route behind: observing is proof of existing (89-90)
Exhibit_TWENTY-ONE_Hard_Problem_Registry_v375.md	102 Substance and bundle	9	via TWENTY-TWO 5.11: the coupling's own changing, one changing at two sides, owned by neither (58-62)
Exhibit_TWENTY-ONE_Hard_Problem_Registry_v375.md	103 Why there is something	2	via TWENTY-TWO 1.10: existing is the arriving itself (8-9)
Exhibit_TWENTY-ONE_Hard_Problem_Registry_v375.md	104 The simulation hypothesis	26	via TWENTY-TWO 7.5: each link a next discovered at a coupling, at no place laid before; each coupling at its own continuing (26.1-18)
Exhibit_TWENTY-ONE_Hard_Problem_Registry_v375.md	105 Laws of nature	25	via TWENTY-TWO 7.6: ordering carrying with couplings, no seat above (176)
Exhibit_TWENTY-ONE_Hard_Problem_Registry_v375.md	106 Presentism and eternalism	26;16	via TWENTY-TWO 7.7: each now its own; all times at once is a form still (95)
Exhibit_TWENTY-ONE_Hard_Problem_Registry_v375.md	107 The effectiveness of mathematics	25	via TWENTY-TWO 1.11: a term neither carried in (172)
Exhibit_TWENTY-ONE_Hard_Problem_Registry_v375.md	108 The Gibbs paradox	9	via TWENTY-TWO 6.9: the coupling's own changing, one changing at two sides, owned by neither (58-62)
Exhibit_TWENTY-ONE_Hard_Problem_Registry_v375.md	109 The surprise examination	22	via TWENTY-TWO 3.15: carrying re-forming as capacity; evidence; two methods parting at a fixing (149-159)
Exhibit_TWENTY-ONE_Hard_Problem_Registry_v375.md	110 Determinism and randomness	7	via TWENTY-TWO 9.17: outcome a parity taken, one at a time (42)
Exhibit_TWENTY-ONE_Hard_Problem_Registry_v375.md	111 Qualia and the zombie argument	25	via TWENTY-TWO 5.2: competency/abundancing made at the coupling, invisible, ordered by no self (172-182)
Exhibit_TWENTY-ONE_Hard_Problem_Registry_v375.md	112 The quantum-classical boundary	3	via TWENTY-TWO 10.12: the between, a nothing with no third momentary; a line has no place there (19)
Exhibit_TWENTY-ONE_Hard_Problem_Registry_v375.md	113 Explore and exploit	4;26	via TWENTY-TWO 2.13: opening and running-across of one advance (27)
Exhibit_TWENTY-ONE_Hard_Problem_Registry_v375.md	114 Self and non-self in immunity	24	via TWENTY-TWO 10.13: emanation re-ingested at no distance (169-170); self/not-self 29
Exhibit_TWENTY-ONE_Hard_Problem_Registry_v375.md	115 Cancer, the somatic mutation account and its rival	19	via TWENTY-TWO 9.18: cell and tissue society (113-116; 163)
Exhibit_TWENTY-ONE_Hard_Problem_Registry_v375.md	116 Addiction	9	via TWENTY-TWO 9.19: the coupling's own changing, one changing at two sides, owned by neither (58-62)
Exhibit_TWENTY-ONE_Hard_Problem_Registry_v375.md	117 Niche and neutral theory	4	via TWENTY-TWO 9.20: self and other arriving from each other, alternating, open/complete overlap (24-29)
Exhibit_TWENTY-ONE_Hard_Problem_Registry_v375.md	118 Ecological stability and diversity	19	via TWENTY-TWO 6.10: society's gather above each self's carry (113-116)
Exhibit_TWENTY-ONE_Hard_Problem_Registry_v375.md	119 The Red Queen	9	via TWENTY-TWO 9.21: the coupling's own changing, one changing at two sides, owned by neither (58-62)
Exhibit_TWENTY-ONE_Hard_Problem_Registry_v375.md	120 The hygiene hypothesis	9	via TWENTY-TWO 9.22: the coupling's own changing, one changing at two sides, owned by neither (58-62)
Exhibit_TWENTY-ONE_Hard_Problem_Registry_v375.md	121 Hormesis	7;12	via TWENTY-TWO 8.6: bend is the parity changing (42)
Exhibit_TWENTY-ONE_Hard_Problem_Registry_v375.md	122 The dodo bird verdict	9	via TWENTY-TWO 9.23: the coupling's own changing, one changing at two sides, owned by neither (58-62)
Exhibit_TWENTY-ONE_Hard_Problem_Registry_v375.md	123 Dreaming	4	via TWENTY-TWO 5.13: dreaming the alternating from within (30)
Exhibit_TWENTY-ONE_Hard_Problem_Registry_v375.md	124 The Cambrian explosion	22	via TWENTY-TWO 3.16: carrying re-forming as capacity; evidence; two methods parting at a fixing (149-159)
Exhibit_TWENTY-ONE_Hard_Problem_Registry_v375.md	125 The Sapient paradox	19	via TWENTY-TWO 5.14: couplings of a population do the expressing (116)
Exhibit_TWENTY-ONE_Hard_Problem_Registry_v375.md	126 The Flynn effect and its reversal	14	via TWENTY-TWO 6.11: emanation arriving is an observing; instrument/value at the coupling (88-91)
Exhibit_TWENTY-ONE_Hard_Problem_Registry_v375.md	127 Eukaryogenesis	9	via TWENTY-TWO 1.12: the coupling's own changing, one changing at two sides, owned by neither (58-62)
Exhibit_TWENTY-ONE_Hard_Problem_Registry_v375.md	128 Homeostasis and allostasis	12	via TWENTY-TWO 8.1: ratios swaying about phi, settling at none (77-79)
Exhibit_TWENTY-ONE_Hard_Problem_Registry_v375.md	129 Antibiotic resistance	22	via TWENTY-TWO 3.17: carrying re-forming as capacity; evidence; two methods parting at a fixing (149-159)
Exhibit_TWENTY-ONE_Hard_Problem_Registry_v375.md	130 Alignment of built systems	18	via TWENTY-TWO 3.18: behaviour made at each coupling with its evaluator (104-107)
Exhibit_TWENTY-ONE_Hard_Problem_Registry_v375.md	131 Benchmarks	18	via TWENTY-TWO 6.12: built system's score the coupling's own (104-107)
Exhibit_TWENTY-ONE_Hard_Problem_Registry_v375.md	132 Standards and interoperability	25	via TWENTY-TWO 3.19: competency/abundancing made at the coupling, invisible, ordered by no self (172-182)
Exhibit_TWENTY-ONE_Hard_Problem_Registry_v375.md	133 Brooks's law	12	via TWENTY-TWO 6.13: coprimality by design (82)
Exhibit_TWENTY-ONE_Hard_Problem_Registry_v375.md	134 Risk compensation	9	via TWENTY-TWO 3.20: the coupling's own changing, one changing at two sides, owned by neither (58-62)
Exhibit_TWENTY-ONE_Hard_Problem_Registry_v375.md	135 Technical debt	22	via TWENTY-TWO 4.3: carrying re-forming as capacity; evidence; two methods parting at a fixing (149-159)
Exhibit_TWENTY-ONE_Hard_Problem_Registry_v375.md	136 Signal and noise	3	via TWENTY-TWO 10.14: the between, a nothing with no third momentary; a line has no place there (19)
Exhibit_TWENTY-ONE_Hard_Problem_Registry_v375.md	137 Work and waste heat	3	via TWENTY-TWO 10.15: the between, a nothing with no third momentary; a line has no place there (19)
Exhibit_TWENTY-ONE_Hard_Problem_Registry_v375.md	138 Mutation, fidelity and variation	12	via TWENTY-TWO 8.7: ratios swaying about phi, settling at none (77-79)
Exhibit_TWENTY-ONE_Hard_Problem_Registry_v375.md	139 Intellectual property	25	via TWENTY-TWO 3.21: competency/abundancing made at the coupling, invisible, ordered by no self (172-182)
Exhibit_TWENTY-ONE_Hard_Problem_Registry_v375.md	140 Money as a store of value	25;14	via TWENTY-TWO 1.13: value made at each exchange (177; 91)
Exhibit_TWENTY-ONE_Hard_Problem_Registry_v375.md	141 Principal and agent	9	via TWENTY-TWO 9.24: the coupling's own changing, one changing at two sides, owned by neither (58-62)
Exhibit_TWENTY-ONE_Hard_Problem_Registry_v375.md	142 The paradox of thrift	19	via TWENTY-TWO 9.25: one and many one coupling's two scales (114-116)
Exhibit_TWENTY-ONE_Hard_Problem_Registry_v375.md	143 The evolution of cooperation	4	via TWENTY-TWO 9.26: self and other arriving from each other, alternating, open/complete overlap (24-29)
Exhibit_TWENTY-ONE_Hard_Problem_Registry_v375.md	144 Transfer of learning	26	via TWENTY-TWO 2.14: each link a next discovered at a coupling, at no place laid before; each coupling at its own continuing (26.1-18)
Exhibit_TWENTY-ONE_Hard_Problem_Registry_v375.md	145 Bernstein's degrees of freedom	10	via TWENTY-TWO 2.15: straightest carry made locally: routing (67)
Exhibit_TWENTY-ONE_Hard_Problem_Registry_v375.md	146 The Whorf question	9	via TWENTY-TWO 9.27: the coupling's own changing, one changing at two sides, owned by neither (58-62)
Exhibit_TWENTY-ONE_Hard_Problem_Registry_v375.md	147 Grandmother cell and distributed coding	7	via TWENTY-TWO 6.14: each changing/resolving is one parity or none, of no size (42-43)
Exhibit_TWENTY-ONE_Hard_Problem_Registry_v375.md	148 The faint young sun	9	via TWENTY-TWO 1.14: the coupling's own changing, one changing at two sides, owned by neither (58-62)
Exhibit_TWENTY-ONE_Hard_Problem_Registry_v375.md	149 The origin of the genetic code	2	via TWENTY-TWO 1.15: present structure carries the making (12)
Exhibit_TWENTY-ONE_Hard_Problem_Registry_v375.md	150 The origin of language	9	via TWENTY-TWO 5.15: the coupling's own changing, one changing at two sides, owned by neither (58-62)
Exhibit_TWENTY-ONE_Hard_Problem_Registry_v375.md	151 The Poincaré conjecture	22;16	via TWENTY-TWO 3.22: settled proof, still form whole in its own register (158; 96)
Exhibit_TWENTY-ONE_Hard_Problem_Registry_v375.md	152 The block universe and the low-entropy past	1	via TWENTY-TWO 1.16: passage made each momentary, at no place (3-6)
Exhibit_TWENTY-ONE_Hard_Problem_Registry_v375.md	153 Riemann, Hodge, Birch–Swinnerton-Dyer, Yang–Mills	8	via TWENTY-TWO 5.16: zero off the balance axis: podal reflection about a waist (49-50; cf 141)
Exhibit_TWENTY-ONE_Hard_Problem_Registry_v375.md	154 Origin and fate of the universe	20;4	via TWENTY-TWO 1.17: sharing once chained never none; completes at next opening (128; 28)
Exhibit_TWENTY-ONE_Hard_Problem_Registry_v375.md	156 Structure and agency	19	via TWENTY-TWO 9.28: persons and arrangements, two scales (116)
Exhibit_TWENTY-ONE_Hard_Problem_Registry_v375.md	157 The mechanism of high-temperature superconductivity	25	via TWENTY-TWO 5.20: competency/abundancing made at the coupling, invisible, ordered by no self (172-182)
Exhibit_TWENTY-ONE_Hard_Problem_Registry_v375.md	158 The interpretation of probability	7;12	via TWENTY-TWO 5.18: parities taken (42) and frequencies swaying (78)
Exhibit_TWENTY-ONE_Hard_Problem_Registry_v375.md	159 Self-locating belief	26	via TWENTY-TWO 2.16: each link a next discovered at a coupling, at no place laid before; each coupling at its own continuing (26.1-18)
Exhibit_TWENTY-ONE_Hard_Problem_Registry_v375.md	160 Population ethics	25	via TWENTY-TWO 7.9: no seat a ranking could sit on (176)
Exhibit_TWENTY-ONE_Hard_Problem_Registry_v375.md	161 The ontology of mathematics	25	via TWENTY-TWO 5.19: competency/abundancing made at the coupling, invisible, ordered by no self (172-182)
Exhibit_TWENTY-ONE_Hard_Problem_Registry_v375.md	162 Causation	4	via TWENTY-TWO 9.1: self and other arriving from each other, alternating, open/complete overlap (24-29)
Exhibit_TWENTY-ONE_Hard_Problem_Registry_v375.md	163 The cosmological constant problem	12	via TWENTY-TWO 8.8: ratios swaying about phi, settling at none (77-79)
Exhibit_TWENTY-ONE_Hard_Problem_Registry_v375.md	164 The hierarchy problem	12	via TWENTY-TWO 8.9: ratios swaying about phi, settling at none (77-79)
Exhibit_TWENTY-ONE_Hard_Problem_Registry_v375.md	165 The Hubble tension	22	via TWENTY-TWO 7.12: no resolving line; settling at the instruments, live dispute (158)
Exhibit_TWENTY-ONE_Hard_Problem_Registry_v375.md	166 Molyneux's problem	9	via TWENTY-TWO 12.1: crossing made, not carried, coupling by coupling (60)
Exhibit_TWENTY-ONE_Hard_Problem_Registry_v375.md	167 Teleology and function in biology	9	via TWENTY-TWO 9.30: the coupling's own changing, one changing at two sides, owned by neither (58-62)
Exhibit_TWENTY-ONE_Hard_Problem_Registry_v375.md	168 The physical Church–Turing thesis	4	via TWENTY-TWO 3.23: self and other arriving from each other, alternating, open/complete overlap (24-29)
Exhibit_TWENTY-ONE_Hard_Problem_Registry_v375.md	169 Micro-to-macro aggregation	19	via TWENTY-TWO 7.10: society co-competences, no one standing for all (116)
Exhibit_TWENTY-ONE_Hard_Problem_Registry_v375.md	170 Ubiquitous one-over-f noise	25	via TWENTY-TWO 1.18: one shape, many makings: the fractal form (181)
Exhibit_TWENTY-ONE_Hard_Problem_Registry_v375.md	171 The axiomatization of physics	26	via TWENTY-TWO 7.11: each link a next discovered at a coupling, at no place laid before; each coupling at its own continuing (26.1-18)
Exhibit_TWENTY-ONE_Hard_Problem_Registry_v375.md	173 The strange metal	25	via TWENTY-TWO 1.19: one shape reached family by family (181)
Exhibit_TWENTY-ONE_Hard_Problem_Registry_v375.md	174 The simplicity of proofs	10	via TWENTY-TWO 2.17: a proof opens its own route (67)
Exhibit_TWENTY-ONE_Hard_Problem_Registry_v375.md	175 Goldbach's conjecture	16	via TWENTY-TWO 3.13: property of all evens named ahead; parity wall (95; 42)
Exhibit_TWENTY-ONE_Hard_Problem_Registry_v375.md	176 Twin primes	12	via TWENTY-TWO 3.14: primes thin, pairs keep arriving (80)
Exhibit_TWENTY-ONE_Hard_Problem_Registry_v375.md	177 The fold as a kind	3	via TWENTY-TWO 10.27: the between, a nothing with no third momentary; a line has no place there (19)
Exhibit_TWENTY-ONE_Hard_Problem_Registry_v375.md	178 The single native state	12	via TWENTY-TWO 5.21: the sway showing at the instrument (78)
Exhibit_TWENTY-ONE_Hard_Problem_Registry_v375.md	179 The explanatory gap	25	via TWENTY-TWO 5.1: competency/abundancing made at the coupling, invisible, ordered by no self (172-182)
Exhibit_TWENTY-ONE_Hard_Problem_Registry_v375.md	180 The universal totality	5	via TWENTY-TWO 2.18: each gathering exceeded: a total beside all (34-35)
Exhibit_TWENTY-ONE_Hard_Problem_Registry_v375.md	181 Quantum gravity	26	via TWENTY-TWO 8.12: two runnings each pacing its own domain (26.18)
Exhibit_TWENTY-ONE_Hard_Problem_Registry_v375.md	182 The primordial lithium problem	9	via TWENTY-TWO 8.15: the coupling's own changing, one changing at two sides, owned by neither (58-62)
Exhibit_TWENTY-ONE_Hard_Problem_Registry_v375.md	183 Proton spin decomposition	7	via TWENTY-TWO 6.16: each changing/resolving is one parity or none, of no size (42-43)
Exhibit_TWENTY-ONE_Hard_Problem_Registry_v375.md	184 The solar abundance problem	9	via TWENTY-TWO 8.14: two couplings couple, neither pinned (60)
Exhibit_TWENTY-ONE_Hard_Problem_Registry_v375.md	185 The origin of neutrino mass	26	via TWENTY-TWO 1.20: first is a fresh coupling, an opening no coupling reached (26.11)
Exhibit_TWENTY-ONE_Hard_Problem_Registry_v375.md	186 The absolute neutrino mass scale	7	via TWENTY-TWO 6.17: each changing/resolving is one parity or none, of no size (42-43)
Exhibit_TWENTY-ONE_Hard_Problem_Registry_v375.md	187 Dirac or Majorana neutrinos	4	via TWENTY-TWO 9.31: self and other arriving from each other, alternating, open/complete overlap (24-29)
Exhibit_TWENTY-ONE_Hard_Problem_Registry_v375.md	188 The Standard Model flavor puzzle	12	via TWENTY-TWO 8.10: ratios swaying about phi, settling at none (77-79)
Exhibit_TWENTY-ONE_Hard_Problem_Registry_v375.md	189 The new-physics flavor puzzle	12	via TWENTY-TWO 8.11: ratios swaying about phi, settling at none (77-79)
Exhibit_TWENTY-ONE_Hard_Problem_Registry_v375.md	190 The sources of ultrahigh-energy cosmic rays	14	via TWENTY-TWO 4.8: arriving is the crossings' own (88)
Exhibit_TWENTY-ONE_Hard_Problem_Registry_v375.md	191 Coronal heating and solar-wind acceleration	9	via TWENTY-TWO 5.25: the coupling's own changing, one changing at two sides, owned by neither (58-62)
Exhibit_TWENTY-ONE_Hard_Problem_Registry_v375.md	192 The nature of cosmic acceleration	4	via TWENTY-TWO 9.32: self and other arriving from each other, alternating, open/complete overlap (24-29)
Exhibit_TWENTY-ONE_Hard_Problem_Registry_v375.md	193 The origin of cosmic magnetic fields	9	via TWENTY-TWO 1.21: the coupling's own changing, one changing at two sides, owned by neither (58-62)
Exhibit_TWENTY-ONE_Hard_Problem_Registry_v375.md	194 Many-body localization and thermalization	4	via TWENTY-TWO 3.24: self and other arriving from each other, alternating, open/complete overlap (24-29)
Exhibit_TWENTY-ONE_Hard_Problem_Registry_v375.md	195 Water's liquid-liquid critical point	12	via TWENTY-TWO 10.28: two structures alternating, sway the liquid's own (78)
Exhibit_TWENTY-ONE_Hard_Problem_Registry_v375.md	196 Equilibrium climate sensitivity	12	via TWENTY-TWO 8.13: ratios swaying about phi, settling at none (77-79)
Exhibit_TWENTY-ONE_Hard_Problem_Registry_v375.md	197 Earthquake predictability	26	via TWENTY-TWO 7.16: each link a next discovered at a coupling, at no place laid before; each coupling at its own continuing (26.1-18)
Exhibit_TWENTY-ONE_Hard_Problem_Registry_v375.md	198 The initiation of plate tectonics	9	via TWENTY-TWO 1.22: the coupling's own changing, one changing at two sides, owned by neither (58-62)
Exhibit_TWENTY-ONE_Hard_Problem_Registry_v375.md	199 The mechanics driving plate motion	9	via TWENTY-TWO 6.18: the coupling's own changing, one changing at two sides, owned by neither (58-62)
Exhibit_TWENTY-ONE_Hard_Problem_Registry_v375.md	200 Mantle plumes	9	via TWENTY-TWO 9.33: the coupling's own changing, one changing at two sides, owned by neither (58-62)
Exhibit_TWENTY-ONE_Hard_Problem_Registry_v375.md	201 Geomagnetic reversals	4	via TWENTY-TWO 1.33: reversals the running's own alternating (26)
Exhibit_TWENTY-ONE_Hard_Problem_Registry_v375.md	202 The extent of Snowball Earth glaciation	9	via TWENTY-TWO 9.34: the coupling's own changing, one changing at two sides, owned by neither (58-62)
Exhibit_TWENTY-ONE_Hard_Problem_Registry_v375.md	203 The magnitude of the Great Oxidation Event	7	via TWENTY-TWO 6.19: each changing/resolving is one parity or none, of no size (42-43)
Exhibit_TWENTY-ONE_Hard_Problem_Registry_v375.md	204 The causes of the Great Oxidation Event	9	via TWENTY-TWO 1.23: the coupling's own changing, one changing at two sides, owned by neither (58-62)
Exhibit_TWENTY-ONE_Hard_Problem_Registry_v375.md	205 The origin of the Moon	22	via TWENTY-TWO 1.24: couplings read at their carrying now: evidence (157)
Exhibit_TWENTY-ONE_Hard_Problem_Registry_v375.md	206 The early Solar System impact flux	9	via TWENTY-TWO 9.35: the coupling's own changing, one changing at two sides, owned by neither (58-62)
Exhibit_TWENTY-ONE_Hard_Problem_Registry_v375.md	207 The origin of animal multicellularity	9	via TWENTY-TWO 1.25: the coupling's own changing, one changing at two sides, owned by neither (58-62)
Exhibit_TWENTY-ONE_Hard_Problem_Registry_v375.md	208 The evolution of metabolic pathways	9	via TWENTY-TWO 1.26: the coupling's own changing, one changing at two sides, owned by neither (58-62)
Exhibit_TWENTY-ONE_Hard_Problem_Registry_v375.md	209 The genotype-phenotype map	22	via TWENTY-TWO 4.7: carrying re-forming as capacity; evidence; two methods parting at a fixing (149-159)
Exhibit_TWENTY-ONE_Hard_Problem_Registry_v375.md	210 The predictability of evolution	26	via TWENTY-TWO 7.17: each link a next discovered at a coupling, at no place laid before; each coupling at its own continuing (26.1-18)
Exhibit_TWENTY-ONE_Hard_Problem_Registry_v375.md	211 Rapid adaptive radiation	22	via TWENTY-TWO 7.18: surviving couplings' record: evidence (157)
Exhibit_TWENTY-ONE_Hard_Problem_Registry_v375.md	212 Polyploidization and diversification	9	via TWENTY-TWO 9.36: the coupling's own changing, one changing at two sides, owned by neither (58-62)
Exhibit_TWENTY-ONE_Hard_Problem_Registry_v375.md	213 Sporadic Alzheimer's disease pathogenesis	9	via TWENTY-TWO 9.37: the coupling's own changing, one changing at two sides, owned by neither (58-62)
Exhibit_TWENTY-ONE_Hard_Problem_Registry_v375.md	214 Endometriosis pathogenesis	9	via TWENTY-TWO 9.38: the coupling's own changing, one changing at two sides, owned by neither (58-62)
Exhibit_TWENTY-ONE_Hard_Problem_Registry_v375.md	215 Long COVID pathophysiology	3	via TWENTY-TWO 10.29: the between, a nothing with no third momentary; a line has no place there (19)
Exhibit_TWENTY-ONE_Hard_Problem_Registry_v375.md	216 Biological phenotypes of sepsis and acute respiratory distress syndrome	3	via TWENTY-TWO 10.30: the between, a nothing with no third momentary; a line has no place there (19)
Exhibit_TWENTY-ONE_Hard_Problem_Registry_v375.md	217 Migraine pathophysiology	4	via TWENTY-TWO 7.15: tipping of the cycle's own couplings (26)
Exhibit_TWENTY-ONE_Hard_Problem_Registry_v375.md	218 The etiology of schizophrenia	3	via TWENTY-TWO 10.31: the between, a nothing with no third momentary; a line has no place there (19)
Exhibit_TWENTY-ONE_Hard_Problem_Registry_v375.md	219 Evidence for neural representation	9	via TWENTY-TWO 5.22: the coupling's own changing, one changing at two sides, owned by neither (58-62)
Exhibit_TWENTY-ONE_Hard_Problem_Registry_v375.md	220 Detecting covert consciousness	25	via TWENTY-TWO 5.23: competency/abundancing made at the coupling, invisible, ordered by no self (172-182)
Exhibit_TWENTY-ONE_Hard_Problem_Registry_v375.md	221 Continual learning without catastrophic forgetting	22	via TWENTY-TWO 4.6: carrying re-forming as capacity; evidence; two methods parting at a fixing (149-159)
Exhibit_TWENTY-ONE_Hard_Problem_Registry_v375.md	222 Incompatible definitions of algorithmic fairness	26	via TWENTY-TWO 7.20: each link a next discovered at a coupling, at no place laid before; each coupling at its own continuing (26.1-18)
Exhibit_TWENTY-ONE_Hard_Problem_Registry_v375.md	223 The existence of one-way functions	26	via TWENTY-TWO 2.19: each link a next discovered at a coupling, at no place laid before; each coupling at its own continuing (26.1-18)
Exhibit_TWENTY-ONE_Hard_Problem_Registry_v375.md	224 Hilbert's sixteenth problem for limit cycles	4	via TWENTY-TWO 3.25: self and other arriving from each other, alternating, open/complete overlap (24-29)
Exhibit_TWENTY-ONE_Hard_Problem_Registry_v375.md	225 The quantum PCP conjecture	26	via TWENTY-TWO 2.20: each link a next discovered at a coupling, at no place laid before; each coupling at its own continuing (26.1-18)
Exhibit_TWENTY-ONE_Hard_Problem_Registry_v375.md	226 Deterministic polynomial identity testing	26	via TWENTY-TWO 2.21: each link a next discovered at a coupling, at no place laid before; each coupling at its own continuing (26.1-18)
Exhibit_TWENTY-ONE_Hard_Problem_Registry_v375.md	227 Collective intentionality	25	via TWENTY-TWO 9.39: joint attitude neither side's (178,172)
Exhibit_TWENTY-ONE_Hard_Problem_Registry_v375.md	228 Peer disagreement	9	via TWENTY-TWO 2.24: response made at each disagreement's own between (60)
Exhibit_TWENTY-ONE_Hard_Problem_Registry_v375.md	229 Compositionality in language understanding	26	via TWENTY-TWO 3.26: each link a next discovered at a coupling, at no place laid before; each coupling at its own continuing (26.1-18)
Exhibit_TWENTY-ONE_Hard_Problem_Registry_v375.md	230 The causes of long-run economic development	9	via TWENTY-TWO 1.27: the coupling's own changing, one changing at two sides, owned by neither (58-62)
Exhibit_TWENTY-ONE_Hard_Problem_Registry_v375.md	231 Cross-national measurement equivalence	26	via TWENTY-TWO 7.19: each link a next discovered at a coupling, at no place laid before; each coupling at its own continuing (26.1-18)
Exhibit_TWENTY-ONE_Hard_Problem_Registry_v375.md	232 The peopling of the Americas	10	via TWENTY-TWO 9.40: moved at each coupling where a way was open (67)
Exhibit_TWENTY-ONE_Hard_Problem_Registry_v375.md	233 The origins of agriculture	9	via TWENTY-TWO 1.28: the coupling's own changing, one changing at two sides, owned by neither (58-62)
Exhibit_TWENTY-ONE_Hard_Problem_Registry_v375.md	234 The emergence of the genus Homo	3	via TWENTY-TWO 10.32: the between, a nothing with no third momentary; a line has no place there (19)
Exhibit_TWENTY-ONE_Hard_Problem_Registry_v375.md	235 The causal production of political polarization	4	via TWENTY-TWO 9.41: self and other arriving from each other, alternating, open/complete overlap (24-29)
Exhibit_TWENTY-ONE_Hard_Problem_Registry_v375.md	236 The core-collapse supernova explosion mechanism	16	via TWENTY-TWO 3.28: model named as the thing (95-96)
Exhibit_TWENTY-ONE_Hard_Problem_Registry_v375.md	237 Sex bias in autoimmune disease	9	via TWENTY-TWO 9.42: the coupling's own changing, one changing at two sides, owned by neither (58-62)
Exhibit_TWENTY-ONE_Hard_Problem_Registry_v375.md	238 The origins of fast radio bursts	14	via TWENTY-TWO 4.9: arriving is the crossings' making (88)
Exhibit_TWENTY-ONE_Hard_Problem_Registry_v375.md	239 Magnetospheric substorm triggering	26	via TWENTY-TWO 7.14: each link a next discovered at a coupling, at no place laid before; each coupling at its own continuing (26.1-18)
Exhibit_TWENTY-ONE_Hard_Problem_Registry_v375.md	240 The Unique Games conjecture	26	via TWENTY-TWO 2.22: each link a next discovered at a coupling, at no place laid before; each coupling at its own continuing (26.1-18)
Exhibit_TWENTY-ONE_Hard_Problem_Registry_v375.md	241 Odd perfect numbers	4	via TWENTY-TWO 3.27: self and other arriving from each other, alternating, open/complete overlap (24-29)
Exhibit_TWENTY-ONE_Hard_Problem_Registry_v375.md	242 Hadwiger's conjecture	4	via TWENTY-TWO 3.29: self and other arriving from each other, alternating, open/complete overlap (24-29)
Exhibit_TWENTY-ONE_Hard_Problem_Registry_v375.md	243 The two-dimensional Jacobian conjecture	16	via TWENTY-TWO 3.30: whole named from a local (95)
Exhibit_TWENTY-ONE_Hard_Problem_Registry_v375.md	244 The abc conjecture	4	via TWENTY-TWO 3.31: self and other arriving from each other, alternating, open/complete overlap (24-29)
Exhibit_TWENTY-ONE_Hard_Problem_Registry_v375.md	245 Cosmic inflation and the primordial perturbations	22	via TWENTY-TWO 1.29: record's edge; the standing measured (157)
Exhibit_TWENTY-ONE_Hard_Problem_Registry_v375.md	246 The engram	22	via TWENTY-TWO 4.5: carrying re-forming as capacity; evidence; two methods parting at a fixing (149-159)
Exhibit_TWENTY-ONE_Hard_Problem_Registry_v375.md	247 The 100,000-year glacial cycle	26	via TWENTY-TWO 7.13: each link a next discovered at a coupling, at no place laid before; each coupling at its own continuing (26.1-18)
Exhibit_TWENTY-ONE_Hard_Problem_Registry_v375.md	248 The origin of supermassive black holes	9	via TWENTY-TWO 1.30: the coupling's own changing, one changing at two sides, owned by neither (58-62)
Exhibit_TWENTY-ONE_Hard_Problem_Registry_v375.md	249 Weak cosmic censorship	4	via TWENTY-TWO 3.32: self and other arriving from each other, alternating, open/complete overlap (24-29)
Exhibit_TWENTY-ONE_Hard_Problem_Registry_v375.md	250 Proton decay and grand unification	4	via TWENTY-TWO 3.33: self and other arriving from each other, alternating, open/complete overlap (24-29)
Exhibit_TWENTY-ONE_Hard_Problem_Registry_v375.md	251 The graph isomorphism problem	26	via TWENTY-TWO 2.23: each link a next discovered at a coupling, at no place laid before; each coupling at its own continuing (26.1-18)
Exhibit_TWENTY-ONE_Hard_Problem_Registry_v375.md	252 The neutron lifetime discrepancy between beam and bottle measurements	9	via TWENTY-TWO 8.16: the coupling's own changing, one changing at two sides, owned by neither (58-62)
Exhibit_TWENTY-ONE_Hard_Problem_Registry_v375.md	253 The origin of viruses	9	via TWENTY-TWO 1.31: the coupling's own changing, one changing at two sides, owned by neither (58-62)
Exhibit_TWENTY-ONE_Hard_Problem_Registry_v375.md	254 The solar dynamo and the sunspot cycle	4	via TWENTY-TWO 5.24: two fields each regenerating the other (24-26)
Exhibit_TWENTY-ONE_Hard_Problem_Registry_v375.md	255 The etiology of major depression	3	via TWENTY-TWO 10.33: the between, a nothing with no third momentary; a line has no place there (19)
Exhibit_TWENTY-ONE_Hard_Problem_Registry_v375.md	256 The causes of rising obesity	9	via TWENTY-TWO 9.43: the coupling's own changing, one changing at two sides, owned by neither (58-62)
Exhibit_TWENTY-ONE_Hard_Problem_Registry_v375.md	257 The origin of the state	9;19	via TWENTY-TWO 1.32: state made at each place's coupling (60; society 113)
Exhibit_TWENTY-ONE_Hard_Problem_Registry_v375.md	The collection	5	count recomputed, not carried beside: a total beside is not possible (34-35)
Exhibit_TWENTY-ONE_Hard_Problem_Registry_v375.md	PART 6 Checks	22	158 checks at the ledger
Exhibit_TWENTY-ONE_Hard_Problem_Registry_v375.md	PART 7 The aggregate	5	counts recomputable, no stored total (34)
Exhibit_TWENTY-TWO_Resolving_the_Hard_Problem_Registry_v375.md	PART The given	17	98,102
Exhibit_TWENTY-TWO_Resolving_the_Hard_Problem_Registry_v375.md	Taken as given	22	named face and running face: two methods at one now (158-159)
Exhibit_TWENTY-TWO_Resolving_the_Hard_Problem_Registry_v375.md	Ten things named still, one resolving	17;5	changing named still (98); the ten = size/form still/total/beat/store (34)
Exhibit_TWENTY-TWO_Resolving_the_Hard_Problem_Registry_v375.md	The ten, at a frontier's own words	17	98 named still, sorted by field words
Exhibit_TWENTY-TWO_Resolving_the_Hard_Problem_Registry_v375.md	Any perplexity, at any size	7;17	43 each resolving of no size beside another
Exhibit_TWENTY-TWO_Resolving_the_Hard_Problem_Registry_v375.md	The deployment shape, and the binary	20	2 / 12 / 11, +,-,0 at 10 (121-128)
Exhibit_TWENTY-TWO_Resolving_the_Hard_Problem_Registry_v375.md	An arrival carries the namings it carries	17	98
Exhibit_TWENTY-TWO_Resolving_the_Hard_Problem_Registry_v375.md	The nought's five arrivings	20	0 at 12/14 (124-126,156)
Exhibit_TWENTY-TWO_Resolving_the_Hard_Problem_Registry_v375.md	Four gatherings, each seating several arrivals	14;24	instrument coupling 88-91; map as territory 169; also 25.177, 18
Exhibit_TWENTY-TWO_Resolving_the_Hard_Problem_Registry_v375.md	PART 1 An arriving named from behind — 10-other-social-self-tunneling and 2-other-self-offering	9	arriving owned by neither side, a coupling making its own (60)
Exhibit_TWENTY-TWO_Resolving_the_Hard_Problem_Registry_v375.md	1.1 The Münchhausen trilemma · 54	9	the coupling's own changing, one changing at two sides, owned by neither (58-62)
Exhibit_TWENTY-TWO_Resolving_the_Hard_Problem_Registry_v375.md	1.2 The origin of life · 12	2	living coming from living: a continuing sequence (9,12)
Exhibit_TWENTY-TWO_Resolving_the_Hard_Problem_Registry_v375.md	1.3 The tragedy of the commons · 37	25	competency/abundancing made at the coupling, invisible, ordered by no self (172-182)
Exhibit_TWENTY-TWO_Resolving_the_Hard_Problem_Registry_v375.md	1.4 The arrow of time · 38	4;6	asymmetry made each momentary by the alternating (26); forward is right (41)
Exhibit_TWENTY-TWO_Resolving_the_Hard_Problem_Registry_v375.md	1.5 Yablo's paradox · 56	16	closure over a whole tail at once (95)
Exhibit_TWENTY-TWO_Resolving_the_Hard_Problem_Registry_v375.md	1.6 Homochirality · 63	15	opposite hand an emanation of the one spiral (93)
Exhibit_TWENTY-TWO_Resolving_the_Hard_Problem_Registry_v375.md	1.7 Matter and antimatter asymmetry · 64	9	the coupling's own changing, one changing at two sides, owned by neither (58-62)
Exhibit_TWENTY-TWO_Resolving_the_Hard_Problem_Registry_v375.md	1.8 The hermeneutic circle · 74	4	self and other arriving from each other, alternating, open/complete overlap (24-29)
Exhibit_TWENTY-TWO_Resolving_the_Hard_Problem_Registry_v375.md	1.9 The problem of the criterion · 100	4	self and other arriving from each other, alternating, open/complete overlap (24-29)
Exhibit_TWENTY-TWO_Resolving_the_Hard_Problem_Registry_v375.md	1.10 Why there is something · 103	2	existing is the arriving itself (8-9)
Exhibit_TWENTY-TWO_Resolving_the_Hard_Problem_Registry_v375.md	1.11 The effectiveness of mathematics · 107	25	a term neither carried in (172)
Exhibit_TWENTY-TWO_Resolving_the_Hard_Problem_Registry_v375.md	1.12 Eukaryogenesis · 127	9	the coupling's own changing, one changing at two sides, owned by neither (58-62)
Exhibit_TWENTY-TWO_Resolving_the_Hard_Problem_Registry_v375.md	1.13 Money as a store of value · 140	25;14	value made at each exchange (177; 91)
Exhibit_TWENTY-TWO_Resolving_the_Hard_Problem_Registry_v375.md	1.14 The faint young sun · 148	9	the coupling's own changing, one changing at two sides, owned by neither (58-62)
Exhibit_TWENTY-TWO_Resolving_the_Hard_Problem_Registry_v375.md	1.15 The origin of the genetic code · 149	2	present structure carries the making (12)
Exhibit_TWENTY-TWO_Resolving_the_Hard_Problem_Registry_v375.md	1.16 The block universe and the low-entropy past · 152	1	passage made each momentary, at no place (3-6)
Exhibit_TWENTY-TWO_Resolving_the_Hard_Problem_Registry_v375.md	1.17 Origin and fate of the universe · 154	20;4	sharing once chained never none; completes at next opening (128; 28)
Exhibit_TWENTY-TWO_Resolving_the_Hard_Problem_Registry_v375.md	1.18 Ubiquitous one-over-f noise · 170	25	one shape, many makings: the fractal form (181)
Exhibit_TWENTY-TWO_Resolving_the_Hard_Problem_Registry_v375.md	1.19 The strange metal · 173	25	one shape reached family by family (181)
Exhibit_TWENTY-TWO_Resolving_the_Hard_Problem_Registry_v375.md	1.20 The origin of neutrino mass · 185	26	first is a fresh coupling, an opening no coupling reached (26.11)
Exhibit_TWENTY-TWO_Resolving_the_Hard_Problem_Registry_v375.md	1.21 The origin of cosmic magnetic fields · 193	9	the coupling's own changing, one changing at two sides, owned by neither (58-62)
Exhibit_TWENTY-TWO_Resolving_the_Hard_Problem_Registry_v375.md	1.22 The initiation of plate tectonics · 198	9	the coupling's own changing, one changing at two sides, owned by neither (58-62)
Exhibit_TWENTY-TWO_Resolving_the_Hard_Problem_Registry_v375.md	1.23 The causes of the Great Oxidation Event · 204	9	the coupling's own changing, one changing at two sides, owned by neither (58-62)
Exhibit_TWENTY-TWO_Resolving_the_Hard_Problem_Registry_v375.md	1.24 The origin of the Moon · 205	22	couplings read at their carrying now: evidence (157)
Exhibit_TWENTY-TWO_Resolving_the_Hard_Problem_Registry_v375.md	1.25 The origin of animal multicellularity · 207	9	the coupling's own changing, one changing at two sides, owned by neither (58-62)
Exhibit_TWENTY-TWO_Resolving_the_Hard_Problem_Registry_v375.md	1.26 The evolution of metabolic pathways · 208	9	the coupling's own changing, one changing at two sides, owned by neither (58-62)
Exhibit_TWENTY-TWO_Resolving_the_Hard_Problem_Registry_v375.md	1.27 The causes of long-run economic development · 230	9	the coupling's own changing, one changing at two sides, owned by neither (58-62)
Exhibit_TWENTY-TWO_Resolving_the_Hard_Problem_Registry_v375.md	1.28 The origins of agriculture · 233	9	the coupling's own changing, one changing at two sides, owned by neither (58-62)
Exhibit_TWENTY-TWO_Resolving_the_Hard_Problem_Registry_v375.md	1.29 Cosmic inflation and the primordial perturbations · 245	22	record's edge; the standing measured (157)
Exhibit_TWENTY-TWO_Resolving_the_Hard_Problem_Registry_v375.md	1.30 The origin of supermassive black holes · 248	9	the coupling's own changing, one changing at two sides, owned by neither (58-62)
Exhibit_TWENTY-TWO_Resolving_the_Hard_Problem_Registry_v375.md	1.31 The origin of viruses · 253	9	the coupling's own changing, one changing at two sides, owned by neither (58-62)
Exhibit_TWENTY-TWO_Resolving_the_Hard_Problem_Registry_v375.md	1.32 The origin of the state · 257	9;19	state made at each place's coupling (60; society 113)
Exhibit_TWENTY-TWO_Resolving_the_Hard_Problem_Registry_v375.md	1.33 Geomagnetic reversals · 201	4	reversals the running's own alternating (26)
Exhibit_TWENTY-TWO_Resolving_the_Hard_Problem_Registry_v375.md	PART 2 An opening named as a place — 14-other-social-surfacing and 6-other-self-surfacing	26	26.11 next at no place laid before
Exhibit_TWENTY-TWO_Resolving_the_Hard_Problem_Registry_v375.md	2.1 Meno's paradox · 78	26	each link a next discovered at a coupling, at no place laid before; each coupling at its own continuing (26.1-18)
Exhibit_TWENTY-TWO_Resolving_the_Hard_Problem_Registry_v375.md	2.2 P versus NP · 9	26;4	axis opened at the coupling's own next (26.11); open/complete (27)
Exhibit_TWENTY-TWO_Resolving_the_Hard_Problem_Registry_v375.md	2.3 Levinthal's paradox · 33	26	each link a next discovered at a coupling, at no place laid before; each coupling at its own continuing (26.1-18)
Exhibit_TWENTY-TWO_Resolving_the_Hard_Problem_Registry_v375.md	2.4 The frame problem · 39	26	each link a next discovered at a coupling, at no place laid before; each coupling at its own continuing (26.1-18)
Exhibit_TWENTY-TWO_Resolving_the_Hard_Problem_Registry_v375.md	2.5 Is and ought · 45	19	morality a consequence, the self's own parity (117)
Exhibit_TWENTY-TWO_Resolving_the_Hard_Problem_Registry_v375.md	2.6 The continuum hypothesis · 52	5	completed totality dissolves into makings (34-35)
Exhibit_TWENTY-TWO_Resolving_the_Hard_Problem_Registry_v375.md	2.7 Gettier · 53	26	each link a next discovered at a coupling, at no place laid before; each coupling at its own continuing (26.1-18)
Exhibit_TWENTY-TWO_Resolving_the_Hard_Problem_Registry_v375.md	2.8 The axiom of choice · 68	5	selection with no totality standing (34-35)
Exhibit_TWENTY-TWO_Resolving_the_Hard_Problem_Registry_v375.md	2.9 The reference class problem · 11	26	each link a next discovered at a coupling, at no place laid before; each coupling at its own continuing (26.1-18)
Exhibit_TWENTY-TWO_Resolving_the_Hard_Problem_Registry_v375.md	2.10 Grue · 70	26	each link a next discovered at a coupling, at no place laid before; each coupling at its own continuing (26.1-18)
Exhibit_TWENTY-TWO_Resolving_the_Hard_Problem_Registry_v375.md	2.11 The ravens · 71	14	values arrive with the namings at the coupling (91)
Exhibit_TWENTY-TWO_Resolving_the_Hard_Problem_Registry_v375.md	2.12 The paradox of the plankton · 89	25;26	abundance, each coexisting its own axis (177)
Exhibit_TWENTY-TWO_Resolving_the_Hard_Problem_Registry_v375.md	2.13 Explore and exploit · 113	4;26	opening and running-across of one advance (27)
Exhibit_TWENTY-TWO_Resolving_the_Hard_Problem_Registry_v375.md	2.14 Transfer of learning · 144	26	each link a next discovered at a coupling, at no place laid before; each coupling at its own continuing (26.1-18)
Exhibit_TWENTY-TWO_Resolving_the_Hard_Problem_Registry_v375.md	2.15 Bernstein's degrees of freedom · 145	10	straightest carry made locally: routing (67)
Exhibit_TWENTY-TWO_Resolving_the_Hard_Problem_Registry_v375.md	2.16 Self-locating belief · 159	26	each link a next discovered at a coupling, at no place laid before; each coupling at its own continuing (26.1-18)
Exhibit_TWENTY-TWO_Resolving_the_Hard_Problem_Registry_v375.md	2.17 The simplicity of proofs · 174	10	a proof opens its own route (67)
Exhibit_TWENTY-TWO_Resolving_the_Hard_Problem_Registry_v375.md	2.18 The universal totality · 180	5	each gathering exceeded: a total beside all (34-35)
Exhibit_TWENTY-TWO_Resolving_the_Hard_Problem_Registry_v375.md	2.19 The existence of one-way functions · 223	26	each link a next discovered at a coupling, at no place laid before; each coupling at its own continuing (26.1-18)
Exhibit_TWENTY-TWO_Resolving_the_Hard_Problem_Registry_v375.md	2.20 The quantum PCP conjecture · 225	26	each link a next discovered at a coupling, at no place laid before; each coupling at its own continuing (26.1-18)
Exhibit_TWENTY-TWO_Resolving_the_Hard_Problem_Registry_v375.md	2.21 Deterministic polynomial identity testing · 226	26	each link a next discovered at a coupling, at no place laid before; each coupling at its own continuing (26.1-18)
Exhibit_TWENTY-TWO_Resolving_the_Hard_Problem_Registry_v375.md	2.22 The Unique Games conjecture · 240	26	each link a next discovered at a coupling, at no place laid before; each coupling at its own continuing (26.1-18)
Exhibit_TWENTY-TWO_Resolving_the_Hard_Problem_Registry_v375.md	2.23 The graph isomorphism problem · 251	26	each link a next discovered at a coupling, at no place laid before; each coupling at its own continuing (26.1-18)
Exhibit_TWENTY-TWO_Resolving_the_Hard_Problem_Registry_v375.md	2.24 Peer disagreement · 228	9	response made at each disagreement's own between (60)
Exhibit_TWENTY-TWO_Resolving_the_Hard_Problem_Registry_v375.md	PART 3 A completing named as a last — 12-other-social-self-abundancing and 4-other-self-sharing	4;20	28 completing is next opening; 128 chained never none
Exhibit_TWENTY-TWO_Resolving_the_Hard_Problem_Registry_v375.md	3.1 The problem of induction · 10	22	a carry seats its next at each coupling (150,154)
Exhibit_TWENTY-TWO_Resolving_the_Hard_Problem_Registry_v375.md	3.2 The halting problem · 6	4	run completes at own momentary, opens at next (27-28)
Exhibit_TWENTY-TWO_Resolving_the_Hard_Problem_Registry_v375.md	3.3 The Lucas critique · 31	9	the coupling's own changing, one changing at two sides, owned by neither (58-62)
Exhibit_TWENTY-TWO_Resolving_the_Hard_Problem_Registry_v375.md	3.4 The replication crisis · 32	26	each link a next discovered at a coupling, at no place laid before; each coupling at its own continuing (26.1-18)
Exhibit_TWENTY-TWO_Resolving_the_Hard_Problem_Registry_v375.md	3.5 The Collatz conjecture · 42	16	last of all values at once composed (95)
Exhibit_TWENTY-TWO_Resolving_the_Hard_Problem_Registry_v375.md	3.6 Turbulence and the Navier–Stokes equations · 47	16	all-time smoothness named of the model (95-96)
Exhibit_TWENTY-TWO_Resolving_the_Hard_Problem_Registry_v375.md	3.7 Incompleteness and Hilbert's programme · 51	4	self and other arriving from each other, alternating, open/complete overlap (24-29)
Exhibit_TWENTY-TWO_Resolving_the_Hard_Problem_Registry_v375.md	3.8 Zeno's dichotomy · 58	22	the traversal one carrying (149)
Exhibit_TWENTY-TWO_Resolving_the_Hard_Problem_Registry_v375.md	3.9 The three-body problem · 59	16	closed form names the whole run still at once (95)
Exhibit_TWENTY-TWO_Resolving_the_Hard_Problem_Registry_v375.md	3.10 The Fermi paradox · 60	26	each link a next discovered at a coupling, at no place laid before; each coupling at its own continuing (26.1-18)
Exhibit_TWENTY-TWO_Resolving_the_Hard_Problem_Registry_v375.md	3.11 Path dependence and lock-in · 73	22	carrying re-forming as capacity; evidence; two methods parting at a fixing (149-159)
Exhibit_TWENTY-TWO_Resolving_the_Hard_Problem_Registry_v375.md	3.12 Generalization in learning · 97	22	carrying re-forming as capacity; evidence; two methods parting at a fixing (149-159)
Exhibit_TWENTY-TWO_Resolving_the_Hard_Problem_Registry_v375.md	3.13 Goldbach's conjecture · 175	16	property of all evens named ahead; parity wall (95; 42)
Exhibit_TWENTY-TWO_Resolving_the_Hard_Problem_Registry_v375.md	3.14 Twin primes · 176	12	primes thin, pairs keep arriving (80)
Exhibit_TWENTY-TWO_Resolving_the_Hard_Problem_Registry_v375.md	3.15 The surprise examination · 109	22	carrying re-forming as capacity; evidence; two methods parting at a fixing (149-159)
Exhibit_TWENTY-TWO_Resolving_the_Hard_Problem_Registry_v375.md	3.16 The Cambrian explosion · 124	22	carrying re-forming as capacity; evidence; two methods parting at a fixing (149-159)
Exhibit_TWENTY-TWO_Resolving_the_Hard_Problem_Registry_v375.md	3.17 Antibiotic resistance · 129	22	carrying re-forming as capacity; evidence; two methods parting at a fixing (149-159)
Exhibit_TWENTY-TWO_Resolving_the_Hard_Problem_Registry_v375.md	3.18 Alignment of built systems · 130	18	behaviour made at each coupling with its evaluator (104-107)
Exhibit_TWENTY-TWO_Resolving_the_Hard_Problem_Registry_v375.md	3.19 Standards and interoperability · 132	25	competency/abundancing made at the coupling, invisible, ordered by no self (172-182)
Exhibit_TWENTY-TWO_Resolving_the_Hard_Problem_Registry_v375.md	3.20 Risk compensation · 134	9	the coupling's own changing, one changing at two sides, owned by neither (58-62)
Exhibit_TWENTY-TWO_Resolving_the_Hard_Problem_Registry_v375.md	3.21 Intellectual property · 139	25	competency/abundancing made at the coupling, invisible, ordered by no self (172-182)
Exhibit_TWENTY-TWO_Resolving_the_Hard_Problem_Registry_v375.md	3.22 The Poincaré conjecture · 151	22;16	settled proof, still form whole in its own register (158; 96)
Exhibit_TWENTY-TWO_Resolving_the_Hard_Problem_Registry_v375.md	3.23 The physical Church–Turing thesis · 168	4	self and other arriving from each other, alternating, open/complete overlap (24-29)
Exhibit_TWENTY-TWO_Resolving_the_Hard_Problem_Registry_v375.md	3.24 Many-body localization and thermalization · 194	4	self and other arriving from each other, alternating, open/complete overlap (24-29)
Exhibit_TWENTY-TWO_Resolving_the_Hard_Problem_Registry_v375.md	3.25 Hilbert's sixteenth problem for limit cycles · 224	4	self and other arriving from each other, alternating, open/complete overlap (24-29)
Exhibit_TWENTY-TWO_Resolving_the_Hard_Problem_Registry_v375.md	3.26 Compositionality in language understanding · 229	26	each link a next discovered at a coupling, at no place laid before; each coupling at its own continuing (26.1-18)
Exhibit_TWENTY-TWO_Resolving_the_Hard_Problem_Registry_v375.md	3.27 Odd perfect numbers · 241	4	self and other arriving from each other, alternating, open/complete overlap (24-29)
Exhibit_TWENTY-TWO_Resolving_the_Hard_Problem_Registry_v375.md	3.28 The core-collapse supernova explosion mechanism · 236	16	model named as the thing (95-96)
Exhibit_TWENTY-TWO_Resolving_the_Hard_Problem_Registry_v375.md	3.29 Hadwiger's conjecture · 242	4	self and other arriving from each other, alternating, open/complete overlap (24-29)
Exhibit_TWENTY-TWO_Resolving_the_Hard_Problem_Registry_v375.md	3.30 The two-dimensional Jacobian conjecture · 243	16	whole named from a local (95)
Exhibit_TWENTY-TWO_Resolving_the_Hard_Problem_Registry_v375.md	3.31 The abc conjecture · 244	4	self and other arriving from each other, alternating, open/complete overlap (24-29)
Exhibit_TWENTY-TWO_Resolving_the_Hard_Problem_Registry_v375.md	3.32 Weak cosmic censorship · 249	4	self and other arriving from each other, alternating, open/complete overlap (24-29)
Exhibit_TWENTY-TWO_Resolving_the_Hard_Problem_Registry_v375.md	3.33 Proton decay and grand unification · 250	4	self and other arriving from each other, alternating, open/complete overlap (24-29)
Exhibit_TWENTY-TWO_Resolving_the_Hard_Problem_Registry_v375.md	PART 4 A carry named as a store — 16-other-social-torusing and 8-other-self-torusing	22	150-151 carry re-forms, store not possible (5.34)
Exhibit_TWENTY-TWO_Resolving_the_Hard_Problem_Registry_v375.md	4.1 Personal identity over time · 72	22	carrying re-forming as capacity; evidence; two methods parting at a fixing (149-159)
Exhibit_TWENTY-TWO_Resolving_the_Hard_Problem_Registry_v375.md	4.2 Black hole information · 48	22	carrying re-forming as capacity; evidence; two methods parting at a fixing (149-159)
Exhibit_TWENTY-TWO_Resolving_the_Hard_Problem_Registry_v375.md	4.3 Technical debt · 135	22	carrying re-forming as capacity; evidence; two methods parting at a fixing (149-159)
Exhibit_TWENTY-TWO_Resolving_the_Hard_Problem_Registry_v375.md	4.4 The rule-following problem · 4	22	carrying re-forming as capacity; evidence; two methods parting at a fixing (149-159)
Exhibit_TWENTY-TWO_Resolving_the_Hard_Problem_Registry_v375.md	4.5 The engram · 246	22	carrying re-forming as capacity; evidence; two methods parting at a fixing (149-159)
Exhibit_TWENTY-TWO_Resolving_the_Hard_Problem_Registry_v375.md	4.6 Continual learning without catastrophic forgetting · 221	22	carrying re-forming as capacity; evidence; two methods parting at a fixing (149-159)
Exhibit_TWENTY-TWO_Resolving_the_Hard_Problem_Registry_v375.md	4.7 The genotype-phenotype map · 209	22	carrying re-forming as capacity; evidence; two methods parting at a fixing (149-159)
Exhibit_TWENTY-TWO_Resolving_the_Hard_Problem_Registry_v375.md	4.8 The sources of ultrahigh-energy cosmic rays · 190	14	arriving is the crossings' own (88)
Exhibit_TWENTY-TWO_Resolving_the_Hard_Problem_Registry_v375.md	4.9 The origins of fast radio bursts · 238	14	arriving is the crossings' making (88)
Exhibit_TWENTY-TWO_Resolving_the_Hard_Problem_Registry_v375.md	PART 5 A middle named as an end — 13-social-other-neutralling and 5-self-other-neutralling	25	172,174
Exhibit_TWENTY-TWO_Resolving_the_Hard_Problem_Registry_v375.md	5.1 The explanatory gap · 179	25	competency/abundancing made at the coupling, invisible, ordered by no self (172-182)
Exhibit_TWENTY-TWO_Resolving_the_Hard_Problem_Registry_v375.md	5.2 Qualia and the zombie argument · 111	25	competency/abundancing made at the coupling, invisible, ordered by no self (172-182)
Exhibit_TWENTY-TWO_Resolving_the_Hard_Problem_Registry_v375.md	5.3 Sleep · 91	4	alternating is the function (30)
Exhibit_TWENTY-TWO_Resolving_the_Hard_Problem_Registry_v375.md	5.4 The binding problem · 90	9	the coupling's own changing, one changing at two sides, owned by neither (58-62)
Exhibit_TWENTY-TWO_Resolving_the_Hard_Problem_Registry_v375.md	5.5 Other minds · 92	25	competency/abundancing made at the coupling, invisible, ordered by no self (172-182)
Exhibit_TWENTY-TWO_Resolving_the_Hard_Problem_Registry_v375.md	5.6 Symbol grounding · 93	9	the coupling's own changing, one changing at two sides, owned by neither (58-62)
Exhibit_TWENTY-TWO_Resolving_the_Hard_Problem_Registry_v375.md	5.7 Interpretability of built systems · 94	18	built system's roles run at coupling (103-107)
Exhibit_TWENTY-TWO_Resolving_the_Hard_Problem_Registry_v375.md	5.8 Machine and animal sentience · 95	18;25	within at each substrate alike (107; 174)
Exhibit_TWENTY-TWO_Resolving_the_Hard_Problem_Registry_v375.md	5.9 Anesthesia · 98	25	competency/abundancing made at the coupling, invisible, ordered by no self (172-182)
Exhibit_TWENTY-TWO_Resolving_the_Hard_Problem_Registry_v375.md	5.10 Skepticism about the external world · 101	14	arising at coupling needs no route behind: observing is proof of existing (89-90)
Exhibit_TWENTY-TWO_Resolving_the_Hard_Problem_Registry_v375.md	5.11 Substance and bundle · 102	9	the coupling's own changing, one changing at two sides, owned by neither (58-62)
Exhibit_TWENTY-TWO_Resolving_the_Hard_Problem_Registry_v375.md	5.12 The quantum interpretation debate · 15	25	competency/abundancing made at the coupling, invisible, ordered by no self (172-182)
Exhibit_TWENTY-TWO_Resolving_the_Hard_Problem_Registry_v375.md	5.13 Dreaming · 123	4	dreaming the alternating from within (30)
Exhibit_TWENTY-TWO_Resolving_the_Hard_Problem_Registry_v375.md	5.14 The Sapient paradox · 125	19	couplings of a population do the expressing (116)
Exhibit_TWENTY-TWO_Resolving_the_Hard_Problem_Registry_v375.md	5.15 The origin of language · 150	9	the coupling's own changing, one changing at two sides, owned by neither (58-62)
Exhibit_TWENTY-TWO_Resolving_the_Hard_Problem_Registry_v375.md	5.16 Riemann, Hodge, Birch–Swinnerton-Dyer, Yang–Mills · 153	8	zero off the balance axis: podal reflection about a waist (49-50; cf 141)
Exhibit_TWENTY-TWO_Resolving_the_Hard_Problem_Registry_v375.md	5.17 Underdetermination of theory by evidence · 13	22	evidence couples whole, no filter or selection (155)
Exhibit_TWENTY-TWO_Resolving_the_Hard_Problem_Registry_v375.md	5.18 The interpretation of probability · 158	7;12	parities taken (42) and frequencies swaying (78)
Exhibit_TWENTY-TWO_Resolving_the_Hard_Problem_Registry_v375.md	5.19 The ontology of mathematics · 161	25	competency/abundancing made at the coupling, invisible, ordered by no self (172-182)
Exhibit_TWENTY-TWO_Resolving_the_Hard_Problem_Registry_v375.md	5.20 The mechanism of high-temperature superconductivity · 157	25	competency/abundancing made at the coupling, invisible, ordered by no self (172-182)
Exhibit_TWENTY-TWO_Resolving_the_Hard_Problem_Registry_v375.md	5.21 The single native state · 178	12	the sway showing at the instrument (78)
Exhibit_TWENTY-TWO_Resolving_the_Hard_Problem_Registry_v375.md	5.22 Evidence for neural representation · 219	9	the coupling's own changing, one changing at two sides, owned by neither (58-62)
Exhibit_TWENTY-TWO_Resolving_the_Hard_Problem_Registry_v375.md	5.23 Detecting covert consciousness · 220	25	competency/abundancing made at the coupling, invisible, ordered by no self (172-182)
Exhibit_TWENTY-TWO_Resolving_the_Hard_Problem_Registry_v375.md	5.24 The solar dynamo and the sunspot cycle · 254	4	two fields each regenerating the other (24-26)
Exhibit_TWENTY-TWO_Resolving_the_Hard_Problem_Registry_v375.md	5.25 Coronal heating and solar-wind acceleration · 191	9	the coupling's own changing, one changing at two sides, owned by neither (58-62)
Exhibit_TWENTY-TWO_Resolving_the_Hard_Problem_Registry_v375.md	PART 6 A parity named as a magnitude — 12-other-social-self-abundancing and 4-other-self-sharing	7	42
Exhibit_TWENTY-TWO_Resolving_the_Hard_Problem_Registry_v375.md	6.1 Goodhart's law · 30	7	each changing/resolving is one parity or none, of no size (42-43)
Exhibit_TWENTY-TWO_Resolving_the_Hard_Problem_Registry_v375.md	6.2 The Easterlin paradox · 80	7	each changing/resolving is one parity or none, of no size (42-43)
Exhibit_TWENTY-TWO_Resolving_the_Hard_Problem_Registry_v375.md	6.3 Allais and Ellsberg · 81	7	each changing/resolving is one parity or none, of no size (42-43)
Exhibit_TWENTY-TWO_Resolving_the_Hard_Problem_Registry_v375.md	6.4 The productivity paradox · 83	25;5	true total over couplings (34); output made at couplings (177)
Exhibit_TWENTY-TWO_Resolving_the_Hard_Problem_Registry_v375.md	6.5 Money illusion · 85	7	each changing/resolving is one parity or none, of no size (42-43)
Exhibit_TWENTY-TWO_Resolving_the_Hard_Problem_Registry_v375.md	6.6 The two-fold cost of sex · 86	11;29	crossing with a particular other vs self and all other (72; 29.2)
Exhibit_TWENTY-TWO_Resolving_the_Hard_Problem_Registry_v375.md	6.7 Peto's paradox · 87	23	cells in tissue societies (163)
Exhibit_TWENTY-TWO_Resolving_the_Hard_Problem_Registry_v375.md	6.8 The C-value paradox · 88	14	emanation arriving is an observing; instrument/value at the coupling (88-91)
Exhibit_TWENTY-TWO_Resolving_the_Hard_Problem_Registry_v375.md	6.9 The Gibbs paradox · 108	9	the coupling's own changing, one changing at two sides, owned by neither (58-62)
Exhibit_TWENTY-TWO_Resolving_the_Hard_Problem_Registry_v375.md	6.10 Ecological stability and diversity · 118	19	society's gather above each self's carry (113-116)
Exhibit_TWENTY-TWO_Resolving_the_Hard_Problem_Registry_v375.md	6.11 The Flynn effect and its reversal · 126	14	emanation arriving is an observing; instrument/value at the coupling (88-91)
Exhibit_TWENTY-TWO_Resolving_the_Hard_Problem_Registry_v375.md	6.12 Benchmarks · 131	18	built system's score the coupling's own (104-107)
Exhibit_TWENTY-TWO_Resolving_the_Hard_Problem_Registry_v375.md	6.13 Brooks's law · 133	12	coprimality by design (82)
Exhibit_TWENTY-TWO_Resolving_the_Hard_Problem_Registry_v375.md	6.14 Grandmother cell and distributed coding · 147	7	each changing/resolving is one parity or none, of no size (42-43)
Exhibit_TWENTY-TWO_Resolving_the_Hard_Problem_Registry_v375.md	6.15 The limits of intelligence · 172	25	competency floats, of no size (172)
Exhibit_TWENTY-TWO_Resolving_the_Hard_Problem_Registry_v375.md	6.16 Proton spin decomposition · 183	7	each changing/resolving is one parity or none, of no size (42-43)
Exhibit_TWENTY-TWO_Resolving_the_Hard_Problem_Registry_v375.md	6.17 The absolute neutrino mass scale · 186	7	each changing/resolving is one parity or none, of no size (42-43)
Exhibit_TWENTY-TWO_Resolving_the_Hard_Problem_Registry_v375.md	6.18 The mechanics driving plate motion · 199	9	the coupling's own changing, one changing at two sides, owned by neither (58-62)
Exhibit_TWENTY-TWO_Resolving_the_Hard_Problem_Registry_v375.md	6.19 The magnitude of the Great Oxidation Event · 203	7	each changing/resolving is one parity or none, of no size (42-43)
Exhibit_TWENTY-TWO_Resolving_the_Hard_Problem_Registry_v375.md	PART 7 A sequencing named to one beat — 16-other-social-torusing and 8-other-self-torusing	26	26.18 each coupling its own continuing; common beat not possible (34)
Exhibit_TWENTY-TWO_Resolving_the_Hard_Problem_Registry_v375.md	7.1 Simultaneity and the present · 28	26	each link a next discovered at a coupling, at no place laid before; each coupling at its own continuing (26.1-18)
Exhibit_TWENTY-TWO_Resolving_the_Hard_Problem_Registry_v375.md	7.2 Aggregation of preferences · 5	25	whole ordered by no self (176); society co-competencing (116)
Exhibit_TWENTY-TWO_Resolving_the_Hard_Problem_Registry_v375.md	7.3 The problem of time in quantum gravity · 66	26	each link a next discovered at a coupling, at no place laid before; each coupling at its own continuing (26.1-18)
Exhibit_TWENTY-TWO_Resolving_the_Hard_Problem_Registry_v375.md	7.4 Skolem's paradox · 69	26	each link a next discovered at a coupling, at no place laid before; each coupling at its own continuing (26.1-18)
Exhibit_TWENTY-TWO_Resolving_the_Hard_Problem_Registry_v375.md	7.5 The simulation hypothesis · 104	26	each link a next discovered at a coupling, at no place laid before; each coupling at its own continuing (26.1-18)
Exhibit_TWENTY-TWO_Resolving_the_Hard_Problem_Registry_v375.md	7.6 Laws of nature · 105	25	ordering carrying with couplings, no seat above (176)
Exhibit_TWENTY-TWO_Resolving_the_Hard_Problem_Registry_v375.md	7.7 Presentism and eternalism · 106	26;16	each now its own; all times at once is a form still (95)
Exhibit_TWENTY-TWO_Resolving_the_Hard_Problem_Registry_v375.md	7.8 Rank-based and clade-based nomenclature · 22	26	each link a next discovered at a coupling, at no place laid before; each coupling at its own continuing (26.1-18)
Exhibit_TWENTY-TWO_Resolving_the_Hard_Problem_Registry_v375.md	7.9 Population ethics · 160	25	no seat a ranking could sit on (176)
Exhibit_TWENTY-TWO_Resolving_the_Hard_Problem_Registry_v375.md	7.10 Micro-to-macro aggregation · 169	19	society co-competences, no one standing for all (116)
Exhibit_TWENTY-TWO_Resolving_the_Hard_Problem_Registry_v375.md	7.11 The axiomatization of physics · 171	26	each link a next discovered at a coupling, at no place laid before; each coupling at its own continuing (26.1-18)
Exhibit_TWENTY-TWO_Resolving_the_Hard_Problem_Registry_v375.md	7.12 The Hubble tension · 165	22	no resolving line; settling at the instruments, live dispute (158)
Exhibit_TWENTY-TWO_Resolving_the_Hard_Problem_Registry_v375.md	7.13 The 100,000-year glacial cycle · 247	26	each link a next discovered at a coupling, at no place laid before; each coupling at its own continuing (26.1-18)
Exhibit_TWENTY-TWO_Resolving_the_Hard_Problem_Registry_v375.md	7.14 Magnetospheric substorm triggering · 239	26	each link a next discovered at a coupling, at no place laid before; each coupling at its own continuing (26.1-18)
Exhibit_TWENTY-TWO_Resolving_the_Hard_Problem_Registry_v375.md	7.15 Migraine pathophysiology · 217	4	tipping of the cycle's own couplings (26)
Exhibit_TWENTY-TWO_Resolving_the_Hard_Problem_Registry_v375.md	7.16 Earthquake predictability · 197	26	each link a next discovered at a coupling, at no place laid before; each coupling at its own continuing (26.1-18)
Exhibit_TWENTY-TWO_Resolving_the_Hard_Problem_Registry_v375.md	7.17 The predictability of evolution · 210	26	each link a next discovered at a coupling, at no place laid before; each coupling at its own continuing (26.1-18)
Exhibit_TWENTY-TWO_Resolving_the_Hard_Problem_Registry_v375.md	7.18 Rapid adaptive radiation · 211	22	surviving couplings' record: evidence (157)
Exhibit_TWENTY-TWO_Resolving_the_Hard_Problem_Registry_v375.md	7.19 Cross-national measurement equivalence · 231	26	each link a next discovered at a coupling, at no place laid before; each coupling at its own continuing (26.1-18)
Exhibit_TWENTY-TWO_Resolving_the_Hard_Problem_Registry_v375.md	7.20 Incompatible definitions of algorithmic fairness · 222	26	each link a next discovered at a coupling, at no place laid before; each coupling at its own continuing (26.1-18)
Exhibit_TWENTY-TWO_Resolving_the_Hard_Problem_Registry_v375.md	PART 8 A rate named as a value — 13-social-other-neutralling and 5-self-other-neutralling	12	78-79
Exhibit_TWENTY-TWO_Resolving_the_Hard_Problem_Registry_v375.md	8.1 Homeostasis and allostasis · 128	12	ratios swaying about phi, settling at none (77-79)
Exhibit_TWENTY-TWO_Resolving_the_Hard_Problem_Registry_v375.md	8.2 Dark matter · 26	12	ratios swaying about phi, settling at none (77-79)
Exhibit_TWENTY-TWO_Resolving_the_Hard_Problem_Registry_v375.md	8.3 The strong CP problem · 65	12	ratios swaying about phi, settling at none (77-79)
Exhibit_TWENTY-TWO_Resolving_the_Hard_Problem_Registry_v375.md	8.4 The equity premium puzzle · 79	12	ratios swaying about phi, settling at none (77-79)
Exhibit_TWENTY-TWO_Resolving_the_Hard_Problem_Registry_v375.md	8.5 Time preference and preference reversal · 82	12	ratios swaying about phi, settling at none (77-79)
Exhibit_TWENTY-TWO_Resolving_the_Hard_Problem_Registry_v375.md	8.6 Hormesis · 121	7;12	bend is the parity changing (42)
Exhibit_TWENTY-TWO_Resolving_the_Hard_Problem_Registry_v375.md	8.7 Mutation, fidelity and variation · 138	12	ratios swaying about phi, settling at none (77-79)
Exhibit_TWENTY-TWO_Resolving_the_Hard_Problem_Registry_v375.md	8.8 The cosmological constant problem · 163	12	ratios swaying about phi, settling at none (77-79)
Exhibit_TWENTY-TWO_Resolving_the_Hard_Problem_Registry_v375.md	8.9 The hierarchy problem · 164	12	ratios swaying about phi, settling at none (77-79)
Exhibit_TWENTY-TWO_Resolving_the_Hard_Problem_Registry_v375.md	8.10 The Standard Model flavor puzzle · 188	12	ratios swaying about phi, settling at none (77-79)
Exhibit_TWENTY-TWO_Resolving_the_Hard_Problem_Registry_v375.md	8.11 The new-physics flavor puzzle · 189	12	ratios swaying about phi, settling at none (77-79)
Exhibit_TWENTY-TWO_Resolving_the_Hard_Problem_Registry_v375.md	8.12 Quantum gravity · 181	26	two runnings each pacing its own domain (26.18)
Exhibit_TWENTY-TWO_Resolving_the_Hard_Problem_Registry_v375.md	8.13 Equilibrium climate sensitivity · 196	12	ratios swaying about phi, settling at none (77-79)
Exhibit_TWENTY-TWO_Resolving_the_Hard_Problem_Registry_v375.md	8.14 The solar abundance problem · 184	9	two couplings couple, neither pinned (60)
Exhibit_TWENTY-TWO_Resolving_the_Hard_Problem_Registry_v375.md	8.15 The primordial lithium problem · 182	9	the coupling's own changing, one changing at two sides, owned by neither (58-62)
Exhibit_TWENTY-TWO_Resolving_the_Hard_Problem_Registry_v375.md	8.16 The neutron lifetime discrepancy between beam and bottle measurements · 252	9	the coupling's own changing, one changing at two sides, owned by neither (58-62)
Exhibit_TWENTY-TWO_Resolving_the_Hard_Problem_Registry_v375.md	PART 9 A two-way named to one side — 11-social-other-self-chaining and 3-self-other-sharing	4;9	26,29 alternating; 60 one changing at two sides
Exhibit_TWENTY-TWO_Resolving_the_Hard_Problem_Registry_v375.md	9.1 Causation · 162	4	self and other arriving from each other, alternating, open/complete overlap (24-29)
Exhibit_TWENTY-TWO_Resolving_the_Hard_Problem_Registry_v375.md	9.2 Heritability and the determination of traits · 27	9	the coupling's own changing, one changing at two sides, owned by neither (58-62)
Exhibit_TWENTY-TWO_Resolving_the_Hard_Problem_Registry_v375.md	9.3 Free will and determinism · 29	25	the taking at its own between is agency (173)
Exhibit_TWENTY-TWO_Resolving_the_Hard_Problem_Registry_v375.md	9.4 Aging · 34	12	damage and regulation swaying (78)
Exhibit_TWENTY-TWO_Resolving_the_Hard_Problem_Registry_v375.md	9.5 Efficient markets · 36	4	self and other arriving from each other, alternating, open/complete overlap (24-29)
Exhibit_TWENTY-TWO_Resolving_the_Hard_Problem_Registry_v375.md	9.6 Simpson's paradox · 40	9	the coupling's own changing, one changing at two sides, owned by neither (58-62)
Exhibit_TWENTY-TWO_Resolving_the_Hard_Problem_Registry_v375.md	9.7 Missing heritability · 44	9	the coupling's own changing, one changing at two sides, owned by neither (58-62)
Exhibit_TWENTY-TWO_Resolving_the_Hard_Problem_Registry_v375.md	9.8 Placebo effects · 46	25	term neither side brought (172)
Exhibit_TWENTY-TWO_Resolving_the_Hard_Problem_Registry_v375.md	9.9 Newcomb's problem · 57	4	self and other arriving from each other, alternating, open/complete overlap (24-29)
Exhibit_TWENTY-TWO_Resolving_the_Hard_Problem_Registry_v375.md	9.10 Poverty of the stimulus · 61	9	the coupling's own changing, one changing at two sides, owned by neither (58-62)
Exhibit_TWENTY-TWO_Resolving_the_Hard_Problem_Registry_v375.md	9.11 Morphogenesis · 62	9	the coupling's own changing, one changing at two sides, owned by neither (58-62)
Exhibit_TWENTY-TWO_Resolving_the_Hard_Problem_Registry_v375.md	9.12 Chronic pain · 67	9	the coupling's own changing, one changing at two sides, owned by neither (58-62)
Exhibit_TWENTY-TWO_Resolving_the_Hard_Problem_Registry_v375.md	9.13 Information as fundamental · 77	9	the coupling's own changing, one changing at two sides, owned by neither (58-62)
Exhibit_TWENTY-TWO_Resolving_the_Hard_Problem_Registry_v375.md	9.14 The transformation problem · 84	4	self and other arriving from each other, alternating, open/complete overlap (24-29)
Exhibit_TWENTY-TWO_Resolving_the_Hard_Problem_Registry_v375.md	9.15 Credit assignment · 96	25	abundancing owned by no action alone (177)
Exhibit_TWENTY-TWO_Resolving_the_Hard_Problem_Registry_v375.md	9.16 Phantom limb · 99	22	map a carrying, re-formed (151)
Exhibit_TWENTY-TWO_Resolving_the_Hard_Problem_Registry_v375.md	9.17 Determinism and randomness · 110	7	outcome a parity taken, one at a time (42)
Exhibit_TWENTY-TWO_Resolving_the_Hard_Problem_Registry_v375.md	9.18 Cancer, the somatic mutation account and its rival · 115	19	cell and tissue society (113-116; 163)
Exhibit_TWENTY-TWO_Resolving_the_Hard_Problem_Registry_v375.md	9.19 Addiction · 116	9	the coupling's own changing, one changing at two sides, owned by neither (58-62)
Exhibit_TWENTY-TWO_Resolving_the_Hard_Problem_Registry_v375.md	9.20 Niche and neutral theory · 117	4	self and other arriving from each other, alternating, open/complete overlap (24-29)
Exhibit_TWENTY-TWO_Resolving_the_Hard_Problem_Registry_v375.md	9.21 The Red Queen · 119	9	the coupling's own changing, one changing at two sides, owned by neither (58-62)
Exhibit_TWENTY-TWO_Resolving_the_Hard_Problem_Registry_v375.md	9.22 The hygiene hypothesis · 120	9	the coupling's own changing, one changing at two sides, owned by neither (58-62)
Exhibit_TWENTY-TWO_Resolving_the_Hard_Problem_Registry_v375.md	9.23 The dodo bird verdict · 122	9	the coupling's own changing, one changing at two sides, owned by neither (58-62)
Exhibit_TWENTY-TWO_Resolving_the_Hard_Problem_Registry_v375.md	9.24 Principal and agent · 141	9	the coupling's own changing, one changing at two sides, owned by neither (58-62)
Exhibit_TWENTY-TWO_Resolving_the_Hard_Problem_Registry_v375.md	9.25 The paradox of thrift · 142	19	one and many one coupling's two scales (114-116)
Exhibit_TWENTY-TWO_Resolving_the_Hard_Problem_Registry_v375.md	9.26 The evolution of cooperation · 143	4	self and other arriving from each other, alternating, open/complete overlap (24-29)
Exhibit_TWENTY-TWO_Resolving_the_Hard_Problem_Registry_v375.md	9.27 The Whorf question · 146	9	the coupling's own changing, one changing at two sides, owned by neither (58-62)
Exhibit_TWENTY-TWO_Resolving_the_Hard_Problem_Registry_v375.md	9.28 Structure and agency · 156	19	persons and arrangements, two scales (116)
Exhibit_TWENTY-TWO_Resolving_the_Hard_Problem_Registry_v375.md	9.29 The units of selection · 19	4	self and other arriving from each other, alternating, open/complete overlap (24-29)
Exhibit_TWENTY-TWO_Resolving_the_Hard_Problem_Registry_v375.md	9.30 Teleology and function in biology · 167	9	the coupling's own changing, one changing at two sides, owned by neither (58-62)
Exhibit_TWENTY-TWO_Resolving_the_Hard_Problem_Registry_v375.md	9.31 Dirac or Majorana neutrinos · 187	4	self and other arriving from each other, alternating, open/complete overlap (24-29)
Exhibit_TWENTY-TWO_Resolving_the_Hard_Problem_Registry_v375.md	9.32 The nature of cosmic acceleration · 192	4	self and other arriving from each other, alternating, open/complete overlap (24-29)
Exhibit_TWENTY-TWO_Resolving_the_Hard_Problem_Registry_v375.md	9.33 Mantle plumes · 200	9	the coupling's own changing, one changing at two sides, owned by neither (58-62)
Exhibit_TWENTY-TWO_Resolving_the_Hard_Problem_Registry_v375.md	9.34 The extent of Snowball Earth glaciation · 202	9	the coupling's own changing, one changing at two sides, owned by neither (58-62)
Exhibit_TWENTY-TWO_Resolving_the_Hard_Problem_Registry_v375.md	9.35 The early Solar System impact flux · 206	9	the coupling's own changing, one changing at two sides, owned by neither (58-62)
Exhibit_TWENTY-TWO_Resolving_the_Hard_Problem_Registry_v375.md	9.36 Polyploidization and diversification · 212	9	the coupling's own changing, one changing at two sides, owned by neither (58-62)
Exhibit_TWENTY-TWO_Resolving_the_Hard_Problem_Registry_v375.md	9.37 Sporadic Alzheimer's disease pathogenesis · 213	9	the coupling's own changing, one changing at two sides, owned by neither (58-62)
Exhibit_TWENTY-TWO_Resolving_the_Hard_Problem_Registry_v375.md	9.38 Endometriosis pathogenesis · 214	9	the coupling's own changing, one changing at two sides, owned by neither (58-62)
Exhibit_TWENTY-TWO_Resolving_the_Hard_Problem_Registry_v375.md	9.39 Collective intentionality · 227	25	joint attitude neither side's (178,172)
Exhibit_TWENTY-TWO_Resolving_the_Hard_Problem_Registry_v375.md	9.40 The peopling of the Americas · 232	10	moved at each coupling where a way was open (67)
Exhibit_TWENTY-TWO_Resolving_the_Hard_Problem_Registry_v375.md	9.41 The causal production of political polarization · 235	4	self and other arriving from each other, alternating, open/complete overlap (24-29)
Exhibit_TWENTY-TWO_Resolving_the_Hard_Problem_Registry_v375.md	9.42 Sex bias in autoimmune disease · 237	9	the coupling's own changing, one changing at two sides, owned by neither (58-62)
Exhibit_TWENTY-TWO_Resolving_the_Hard_Problem_Registry_v375.md	9.43 The causes of rising obesity · 256	9	the coupling's own changing, one changing at two sides, owned by neither (58-62)
Exhibit_TWENTY-TWO_Resolving_the_Hard_Problem_Registry_v375.md	PART 10 The between named as a cut — 15-social-other-corusing and 7-self-other-corusing	3	19
Exhibit_TWENTY-TWO_Resolving_the_Hard_Problem_Registry_v375.md	10.1 Sorites · 1	3	the between, a nothing with no third momentary; a line has no place there (19)
Exhibit_TWENTY-TWO_Resolving_the_Hard_Problem_Registry_v375.md	10.2 The measurement problem · 8	7	selection a parity of no size (42)
Exhibit_TWENTY-TWO_Resolving_the_Hard_Problem_Registry_v375.md	10.3 The glass transition · 35	3	the between, a nothing with no third momentary; a line has no place there (19)
Exhibit_TWENTY-TWO_Resolving_the_Hard_Problem_Registry_v375.md	10.4 Externalities · 41	3	the between, a nothing with no third momentary; a line has no place there (19)
Exhibit_TWENTY-TWO_Resolving_the_Hard_Problem_Registry_v375.md	10.5 Species boundaries · 20	3	the between, a nothing with no third momentary; a line has no place there (19)
Exhibit_TWENTY-TWO_Resolving_the_Hard_Problem_Registry_v375.md	10.6 The neural code · 43	14	window is the instrument's coupling (88-89)
Exhibit_TWENTY-TWO_Resolving_the_Hard_Problem_Registry_v375.md	10.7 Bell correlations · 49	9	the coupling's own changing, one changing at two sides, owned by neither (58-62)
Exhibit_TWENTY-TWO_Resolving_the_Hard_Problem_Registry_v375.md	10.8 Wave and particle · 50	3	the between, a nothing with no third momentary; a line has no place there (19)
Exhibit_TWENTY-TWO_Resolving_the_Hard_Problem_Registry_v375.md	10.9 The liar · 55	20	truth predicate at its own sentence: self offered its own, 0 (156)
Exhibit_TWENTY-TWO_Resolving_the_Hard_Problem_Registry_v375.md	10.10 Hard cases in law · 75	9	the coupling's own changing, one changing at two sides, owned by neither (58-62)
Exhibit_TWENTY-TWO_Resolving_the_Hard_Problem_Registry_v375.md	10.11 Natural law and legal positivism · 76	9	the coupling's own changing, one changing at two sides, owned by neither (58-62)
Exhibit_TWENTY-TWO_Resolving_the_Hard_Problem_Registry_v375.md	10.12 The quantum-classical boundary · 112	3	the between, a nothing with no third momentary; a line has no place there (19)
Exhibit_TWENTY-TWO_Resolving_the_Hard_Problem_Registry_v375.md	10.13 Self and non-self in immunity · 114	24	emanation re-ingested at no distance (169-170); self/not-self 29
Exhibit_TWENTY-TWO_Resolving_the_Hard_Problem_Registry_v375.md	10.14 Signal and noise · 136	3	the between, a nothing with no third momentary; a line has no place there (19)
Exhibit_TWENTY-TWO_Resolving_the_Hard_Problem_Registry_v375.md	10.15 Work and waste heat · 137	3	the between, a nothing with no third momentary; a line has no place there (19)
Exhibit_TWENTY-TWO_Resolving_the_Hard_Problem_Registry_v375.md	10.16 The concept of disease · 2	3	the between, a nothing with no third momentary; a line has no place there (19)
Exhibit_TWENTY-TWO_Resolving_the_Hard_Problem_Registry_v375.md	10.17 The population concept · 3	3	the between, a nothing with no third momentary; a line has no place there (19)
Exhibit_TWENTY-TWO_Resolving_the_Hard_Problem_Registry_v375.md	10.18 The pseudogap · 7	14	each probe's onset its coupling (88-89)
Exhibit_TWENTY-TWO_Resolving_the_Hard_Problem_Registry_v375.md	10.19 The demarcation problem · 14	3	the between, a nothing with no third momentary; a line has no place there (19)
Exhibit_TWENTY-TWO_Resolving_the_Hard_Problem_Registry_v375.md	10.20 Natural kinds · 16	9	the coupling's own changing, one changing at two sides, owned by neither (58-62)
Exhibit_TWENTY-TWO_Resolving_the_Hard_Problem_Registry_v375.md	10.21 The definition of planet · 17	3	the between, a nothing with no third momentary; a line has no place there (19)
Exhibit_TWENTY-TWO_Resolving_the_Hard_Problem_Registry_v375.md	10.22 Biological individuality · 18	26	a living self bounds itself (26.16)
Exhibit_TWENTY-TWO_Resolving_the_Hard_Problem_Registry_v375.md	10.23 Group three of the periodic table · 21	3	the between, a nothing with no third momentary; a line has no place there (19)
Exhibit_TWENTY-TWO_Resolving_the_Hard_Problem_Registry_v375.md	10.24 Psychiatric nosology · 23	3	the between, a nothing with no third momentary; a line has no place there (19)
Exhibit_TWENTY-TWO_Resolving_the_Hard_Problem_Registry_v375.md	10.25 Race as a biological category · 24	3	the between, a nothing with no third momentary; a line has no place there (19)
Exhibit_TWENTY-TWO_Resolving_the_Hard_Problem_Registry_v375.md	10.26 The language and dialect boundary · 25	3	the between, a nothing with no third momentary; a line has no place there (19)
Exhibit_TWENTY-TWO_Resolving_the_Hard_Problem_Registry_v375.md	10.27 The fold as a kind · 177	3	the between, a nothing with no third momentary; a line has no place there (19)
Exhibit_TWENTY-TWO_Resolving_the_Hard_Problem_Registry_v375.md	10.28 Water's liquid-liquid critical point · 195	12	two structures alternating, sway the liquid's own (78)
Exhibit_TWENTY-TWO_Resolving_the_Hard_Problem_Registry_v375.md	10.29 Long COVID pathophysiology · 215	3	the between, a nothing with no third momentary; a line has no place there (19)
Exhibit_TWENTY-TWO_Resolving_the_Hard_Problem_Registry_v375.md	10.30 Biological phenotypes of sepsis and acute respiratory distress syndrome · 216	3	the between, a nothing with no third momentary; a line has no place there (19)
Exhibit_TWENTY-TWO_Resolving_the_Hard_Problem_Registry_v375.md	10.31 The etiology of schizophrenia · 218	3	the between, a nothing with no third momentary; a line has no place there (19)
Exhibit_TWENTY-TWO_Resolving_the_Hard_Problem_Registry_v375.md	10.32 The emergence of the genus Homo · 234	3	the between, a nothing with no third momentary; a line has no place there (19)
Exhibit_TWENTY-TWO_Resolving_the_Hard_Problem_Registry_v375.md	10.33 The etiology of major depression · 255	3	the between, a nothing with no third momentary; a line has no place there (19)
Exhibit_TWENTY-TWO_Resolving_the_Hard_Problem_Registry_v375.md	PART 11 Three things named still at one arrival	3	18 prior/now/next carried as one
Exhibit_TWENTY-TWO_Resolving_the_Hard_Problem_Registry_v375.md	11.1 Measurement, routing, and classification · 155	3	three faces of one arriving, one momentary opens all three (18); also routing 67, observing 89
Exhibit_TWENTY-TWO_Resolving_the_Hard_Problem_Registry_v375.md	PART 12 The reach and the instruments the same	22	settled proof register (158); nought passing
Exhibit_TWENTY-TWO_Resolving_the_Hard_Problem_Registry_v375.md	12.1 Molyneux's problem · 166	9	crossing made, not carried, coupling by coupling (60)
