file	its twelve most carried -ings	-ings it alone carries, the twelve most carried
Natural Intelligence	carrying 167, changing 163, existing 143, opening 130, living 108, sharing 101, coupling 67, co-bi-tri-offering 46, offering 44, non-living 43, completing 41, arriving 41	
Exhibit ONE	opening 82, sharing 42, spiraling 36, co-bi-tri-offering 29, carrying 27, completing 24, bi-co-bi-offering 23, co-bi-co-sharing 22, bi-co-bi-sharing 22, winding 21, bi-co-bi-moralizing 20, co-bi-co-competencing 20	
Exhibit TWO	carrying 348, continuing 244, arriving 187, coupling 148, receiving 138, meeting 116, changing 116, living 106, resolving 92, existing 83, releasing 74, crossing 63	non-carrying, reconnecting, mending, self-other-releasing, disconnecting, ten-surfacing, co-bi-coupling, right-spiraling, prohibiting, withholding, emitting, bi-co-discovering
Exhibit THREE	carrying 36, coupling 33, alternating 29, opening 27, pairing 20, podaling 19, completing 18, running 16, returning 15, changing 14, continuing 14, winding 13	centring, tripling, self-pairing
Exhibit FOUR	coupling 27, carrying 20, changing 19, floating 19, existing 16, unrelationing 14, arriving 14, accounting 13, winding 13, alternating 13, opening 12, fixing 11	other-bounding, kissing, other-orienting, not-touching, steering
Exhibit FIVE	receiving 552, changing 261, coupling 189, carrying 161, offering 149, engineering 142, continuing 139, returning 103, arriving 88, co-offering 80, holding 73, crossing 58	finishing, sensationing, reusing, stirring, calling-and-returning, co-cycling, omitting, energy-bearing, receivers-antennas-and-signals-spring, condensing, evaporating, grid-forming
Exhibit SIX	transmissioning 67, crossing 45, coupling 25, neutralling 25, crossinging 24, co-chaining 23, living 22, carrying 15, rendering 13, floating 12, neither-ing 12, alternating 12	the-neutral-a-crossing, boating, carry-floating, rate-carrying, four-rendering, un-banking, sky-coupling, similarly-carrying, off-avalanching, re-developing, insisting
Exhibit SEVEN	coupling 44, living 37, reading 19, reaching 17, closing 13, birthing 10, arriving 9, standing 8, bounding-zeroing 8, nyeing 8, carrying 8, resolving 8	reaching-preferencing, co-competing, institutions-around-coupling, authority-reading, seven-verifying, overpowering, free-living, social-self-offering, counting-from-a-nothing
Exhibit EIGHT	un-relating 37, resolving 31, accounting 29, alternating 28, co-chaining 27, discovering 24, co-unrelationing 23, fixing 23, floating 23, living 22, coupling 21, carrying 19	concept-inverting, carry-differing, undiscovering, coning, re-testing, unfreeing, curving, held-feeling, not-lying, co-attentioning, co-sensationing
Exhibit NINE	coupling 60, living 36, resolving 30, tipping 29, holding 19, do-no-harming 17, offering 16, birthing 15, nyeing 13, landing 12, preferring 12, self-bounding 12	do-no-harming, institutioning, re-alternating, cutting-and-choosing, accepted-and-holding, formalizing, co-alternating, slight-differencing
Exhibit TEN	living 48, swaying 22, coupling 21, co-sequencing 15, floating 12, running 7, alternating 6, reading 6, arriving 6, counting 5, riding 5, working 5	tunneling-unrelationing, attaching, oxidising, burning, delivery-as-tunneling-unrelationing, attentioning-and-sequencing, softened-but-living
Exhibit ELEVEN	reading 179, coupling 164, arriving 64, carrying 63, standing 54, living 43, holding 34, crossing 29, running 25, resolving 21, naming 20, opening 19	co-resonating, authoring, dosing, electron-transporting, re-seeing, suppressing, near-reaching, far-reaching, infecting, silencing, neutralising, re-seeding
Exhibit TWELVE	running 44, carrying 43, coupling 39, telling 30, explaining 27, opening 26, meeting 24, writing 20, existing 17, changing 17, arriving 16, naming 16	importancing, rigoring, doubting, coining, overclaiming, quoting, non-existing, abstracting, overlooking, dispatching, scaffolding, not-choosing
Exhibit THIRTEEN	carrying 67, living 65, changing 42, existing 38, sharing 33, non-living 32, coupling 32, arriving 19, resolving 12, opening 10, surfacing 9, offering 7	
Exhibit FOURTEEN	coupling 13, living 9, reading 6, standing 5, beginning 4, arriving 4, reaching 3, naming 3, carrying 3, resolving 3, alternating 3, neither-ing 3	alternating-sequencing, found-by-sharing, self-originating, commencing
Exhibit FIFTEEN	carrying 42, living 26, alternating 21, coupling 19, changing 17, meeting 15, arriving 12, reading 11, holding 10, taking 9, meaning 8, stopping 7	recursive-self-improving, free-and-living, mentioning, conservation-forming, bond-forming, competency-forming, sequence-forming, self-similarity-forming, restoration-forming, delivery-forming, cooperation-forming, unrelation-and-co-competence-the-coupling
Exhibit SIXTEEN	coupling 92, reading 41, crossing 40, carrying 37, changing 28, standing 20, living 20, accounting 18, arriving 14, engineering 12, holding 12, closing 11	forming-and-releasing, ripening, poisoning, antibonding, number-ring, hydrogen-bonding, pattern-reading, self-recursioning, sign-coupling, fouling, racemising, nitrogen-containing
Exhibit SEVENTEEN	coupling 322, living 257, reading 135, standing 65, carrying 54, riding 53, arriving 50, offering 43, co-offering 42, alternating 39, disequilibrating 35, knowing 33	right-reading, reading-and-re-forming, crisscrossing, left-twining, left-reading, local-coupling, stalling, outliving, right-twining, re-commencing, store-reading, as-side-effecting
Exhibit EIGHTEEN	coupling 248, resolving 71, standing 61, carrying 59, floating 54, accounting 50, living 50, reading 45, reaching 37, alternating 35, riding 34, disequilibrating 29	other-offering, phase-relating, light-as-offering, softmaxing, un-isolating, carried-offering, infalling, hunting, measurement-resolving, self-holding, flying, un-closing
Exhibit NINETEEN	coupling 213, re-coupling 98, bounding-zeroing 58, taking 53, arriving 48, standing 42, holding 41, torusing 40, reading 39, saying 38, living 36, reaching 34	un-repeating, seam-saying, cohabitating, living-and-unliving, co-holding, inward-as-taking, outward-as-offering, unsatisfying, free-floating, offering-and-taking, self-pacing, held-elapsing
Exhibit TWENTY	changing 279, carrying 250, existing 211, living 129, naming 127, coupling 120, opening 114, offering 96, arriving 84, sharing 83, continuing 67, non-living 46	returning-nothing, bi-co-invisibling, bi-co-bounding, trupling, stacking, cursioning, form-stabling, not-being, knife-knifing, bi-co-orthogonalizing, bi-bi-unrelationing, co-co-invisibling
Exhibit TWENTY-ONE	standing 583, conserving 520, remaining 331, narrowing 281, settling 263, closing 259, posing 221, opening 115, founding 100, reading 76, establishing 74, timing 66	citing, challenging, suggesting, constraining, providing, promising, saving, flavor-changing, noting, neuroimaging, interpolating, accommodating
Exhibit TWENTY-TWO	coupling 419, other-social-self-abundancing 262, other-self-offering 260, social-other-self-chaining 260, running 179, arriving 143, standing 126, naming 117, reading 108, making 108, opening 90, carrying 89	other-social-torusing, other-self-torusing, self-other-neutralling, quieting, other-social-self-tunneling, other-social-surfacing, other-self-surfacing, self-other-sharing, social-other-corusing, self-other-corusing, run-skipping, one-offering
Exhibit TWENTY-THREE	coupling 29, preferring 11, abundancing 8, neither-ing 7, crossing 6, receiving 6, governing 5, sharing 4, standing 4, reading 4, running 4, co-offering 3	unmaking
Exhibit TWENTY-FOUR	carrying 85, working 61, improving 46, arriving 36, naming 31, running 28, living 27, changing 25, existing 23, finding 20, coupling 20, incoming 17	word-streaming, hedging, foreknowing, harming, not-taking
Exhibit TWENTY-FIVE	standing 77, reading 51, passing 31, coupling 31, carrying 29, inferencing 28, summing 27, agreeing 25, parting 23, crossing 22, arriving 13, binding 12	inferencing, unrelating, swapping, back-crediting, ion-translocating, time-averaging, crosslinking, ligating, registering, low-lying, thermoregulating, straining
Exhibit TWENTY-SIX	living 199, carrying 191, working 149, explaining 108, receiving 93, improving 80, resolving 78, naming 77, incoming 71, discovering 68, existing 65, continuing 55	resettling, standing-gathering, co-bi-releasing, tri-bi-tri-momentarying, renumbering, reacting, team-exploring, outside-offering, co-neutralling, launching, geodesic-improving, natural-explaining
Exhibit TWENTY-SEVEN	coupling 129, living 114, accounting 113, observing 103, reading 88, changing 77, breaking 49, standing 49, arriving 48, passing 44, carrying 38, naming 31	ten-holding, re-accepting, shivering, sweating, insulating, threading, held-changing, eight-bi-naming, bi-naming, defeating, observing-and-coarse-graining, field-observing
Exhibit TWENTY-EIGHT	changing 88, existing 61, carrying 57, coupling 43, arriving 30, continuing 29, living 24, opening 24, completing 22, naming 19, sharing 18, meeting 17	deforming, number-conserving, not-carrying, resource-clearing, heat-permitting
Exhibit TWENTY-NINE	carrying 83, drawing 69, living 62, changing 61, continuing 52, coupling 47, resolving 45, alternating 37, opening 36, explaining 30, naming 28, illustrating 21	co-improving, animating, sewing, racing, regrowing, ticking, rolling, stitch-making, stitch-forming, hopping, trapping, lighting
Exhibit THIRTY	adding 669, changing 265, living 238, carrying 227, existing 211, coupling 156, arriving 146, non-living 98, opening 87, alternating 69, sharing 63, offering 63	dissipating, neithering, auditing
Natural Intelligence Corus	coupling 888, reading 470, living 364, bi-coupling 262, beating 210, writing 176, continuing 146, arriving 142, carrying 113, resolving 98, sustaining 87, extending 80	unbounding, decentralizing, centering, self-aiming, counter-arriving, fraying, cascading, nye-preferencing, re-orienting, planting, self-selecting, affirming
