file	words	odd-side words	even-side words	lean, odd minus even over both	co- words	bi- words	co- against bi-	three roots most carried	four-cycle of the first root, if it has one	the ten roots counted
Natural Intelligence	24963	832	1298	-0.22	470	801	-0.26	momentarying 345, sharing 238, offering 219	—	offering 219 sharing 238 competencing 94 moralizing 140 corusing 80 torusing 101 momentarying 345 tunneling 45 chaining 88 entraining 33
Exhibit ONE	9639	466	772	-0.25	309	552	-0.28	sharing 115, momentarying 93, offering 81	—	offering 81 sharing 115 competencing 51 moralizing 63 corusing 52 torusing 56 momentarying 93 tunneling 26 chaining 29 entraining 20
Exhibit TWO	24911	453	290	+0.22	126	38	+0.54	momentarying 111, offering 94, sharing 83	—	offering 94 sharing 83 competencing 71 moralizing 26 corusing 23 torusing 27 momentarying 111 tunneling 24 chaining 66 entraining 3
Exhibit THREE	21247	134	172	-0.12	62	80	-0.13	momentarying 93, sharing 27, torusing 27	—	offering 19 sharing 27 competencing 10 moralizing 10 corusing 10 torusing 27 momentarying 93 tunneling 11 chaining 25 entraining 2
Exhibit FOUR	8877	54	62	-0.07	24	13	+0.30	momentarying 33, sharing 22, torusing 16	—	offering 15 sharing 22 competencing 7 moralizing 4 corusing 2 torusing 16 momentarying 33 tunneling 2 chaining 7 entraining 0
Exhibit FIVE	38120	490	128	+0.59	287	23	+0.85	offering 310, sharing 60, competencing 59	—	offering 310 sharing 60 competencing 59 moralizing 10 corusing 9 torusing 17 momentarying 14 tunneling 10 chaining 43 entraining 1
Exhibit SIX	5200	74	52	+0.17	56	10	+0.70	chaining 37, offering 30, competencing 10	—	offering 30 sharing 4 competencing 10 moralizing 3 corusing 3 torusing 0 momentarying 0 tunneling 6 chaining 37 entraining 0
Exhibit SEVEN	6556	86	55	+0.22	39	18	+0.37	competencing 28, moralizing 19, offering 10	4-13-5-12	offering 10 sharing 8 competencing 28 moralizing 19 corusing 0 torusing 6 momentarying 2 tunneling 4 chaining 5 entraining 0
Exhibit EIGHT	7764	179	30	+0.71	130	5	+0.93	chaining 78, competencing 27, offering 18	—	offering 18 sharing 3 competencing 27 moralizing 6 corusing 0 torusing 4 momentarying 0 tunneling 0 chaining 78 entraining 0
Exhibit NINE	6683	100	93	+0.04	50	28	+0.28	offering 40, competencing 37, sharing 26	—	offering 40 sharing 26 competencing 37 moralizing 26 corusing 0 torusing 1 momentarying 0 tunneling 2 chaining 20 entraining 0
Exhibit TEN	2402	27	16	+0.26	23	7	+0.53	offering 6, moralizing 6, chaining 5	—	offering 6 sharing 0 competencing 1 moralizing 6 corusing 0 torusing 0 momentarying 0 tunneling 4 chaining 5 entraining 0
Exhibit ELEVEN	25508	151	91	+0.25	66	17	+0.59	offering 53, competencing 38, tunneling 25	—	offering 53 sharing 10 competencing 38 moralizing 5 corusing 2 torusing 4 momentarying 0 tunneling 25 chaining 15 entraining 0
Exhibit TWELVE	7163	75	35	+0.36	29	7	+0.61	offering 39, competencing 20, momentarying 16	—	offering 39 sharing 7 competencing 20 moralizing 3 corusing 0 torusing 1 momentarying 16 tunneling 2 chaining 15 entraining 0
Exhibit THIRTEEN	4195	77	145	-0.31	36	55	-0.21	momentarying 92, offering 67, sharing 58	—	offering 67 sharing 58 competencing 10 moralizing 17 corusing 1 torusing 1 momentarying 92 tunneling 2 chaining 31 entraining 2
Exhibit FOURTEEN	1141	5	16	-0.52	5	6	-0.09	offering 10, moralizing 5, sharing 3	—	offering 10 sharing 3 competencing 0 moralizing 5 corusing 0 torusing 1 momentarying 0 tunneling 0 chaining 0 entraining 0
Exhibit FIFTEEN	7041	35	17	+0.35	6	0	+1.00	offering 27, competencing 11, moralizing 9	—	offering 27 sharing 7 competencing 11 moralizing 9 corusing 5 torusing 0 momentarying 0 tunneling 0 chaining 3 entraining 0
Exhibit SIXTEEN	13961	65	52	+0.11	21	9	+0.40	offering 29, competencing 12, tunneling 12	—	offering 29 sharing 9 competencing 12 moralizing 4 corusing 1 torusing 4 momentarying 2 tunneling 12 chaining 9 entraining 0
Exhibit SEVENTEEN	36600	325	186	+0.27	109	53	+0.35	competencing 162, offering 145, chaining 47	4-13-5-12	offering 145 sharing 21 competencing 162 moralizing 24 corusing 0 torusing 24 momentarying 0 tunneling 16 chaining 47 entraining 14
Exhibit EIGHTEEN	22126	102	135	-0.14	49	52	-0.03	offering 111, torusing 23, competencing 22	—	offering 111 sharing 11 competencing 22 moralizing 10 corusing 3 torusing 23 momentarying 17 tunneling 18 chaining 6 entraining 2
Exhibit NINETEEN	17351	91	55	+0.25	30	11	+0.46	offering 56, competencing 50, torusing 41	—	offering 56 sharing 7 competencing 50 moralizing 21 corusing 0 torusing 41 momentarying 2 tunneling 0 chaining 3 entraining 0
Exhibit TWENTY	26883	694	936	-0.15	408	558	-0.16	momentarying 290, offering 188, sharing 148	—	offering 188 sharing 148 competencing 95 moralizing 114 corusing 51 torusing 59 momentarying 290 tunneling 45 chaining 74 entraining 35
Exhibit TWENTY-ONE	210435	76	703	-0.80	20	0	+1.00	sharing 61, chaining 16, offering 15	—	offering 15 sharing 61 competencing 4 moralizing 13 corusing 0 torusing 0 momentarying 0 tunneling 0 chaining 16 entraining 0
Exhibit TWENTY-TWO	65947	98	180	-0.29	31	2	+0.88	offering 379, chaining 280, momentarying 102	—	offering 379 sharing 66 competencing 9 moralizing 4 corusing 4 torusing 7 momentarying 102 tunneling 3 chaining 280 entraining 0
Exhibit TWENTY-THREE	1991	14	20	-0.18	10	0	+1.00	offering 14, moralizing 11, sharing 8	—	offering 14 sharing 8 competencing 4 moralizing 11 corusing 0 torusing 0 momentarying 3 tunneling 0 chaining 0 entraining 0
Exhibit TWENTY-FOUR	9838	77	56	+0.16	15	17	-0.06	momentarying 36, offering 22, sharing 18	—	offering 22 sharing 18 competencing 5 moralizing 7 corusing 1 torusing 5 momentarying 36 tunneling 1 chaining 10 entraining 0
Exhibit TWENTY-FIVE	12016	31	28	+0.05	7	1	+0.75	chaining 17, tunneling 8, sharing 7	—	offering 4 sharing 7 competencing 5 moralizing 0 corusing 0 torusing 1 momentarying 0 tunneling 8 chaining 17 entraining 1
Exhibit TWENTY-SIX	25801	334	250	+0.14	132	80	+0.25	momentarying 93, corusing 65, sharing 64	—	offering 52 sharing 64 competencing 38 moralizing 28 corusing 65 torusing 18 momentarying 93 tunneling 5 chaining 52 entraining 6
Exhibit TWENTY-SEVEN	37317	167	156	+0.03	52	29	+0.28	chaining 50, sharing 33, tunneling 25	—	offering 19 sharing 33 competencing 13 moralizing 3 corusing 9 torusing 22 momentarying 11 tunneling 25 chaining 50 entraining 3
Exhibit TWENTY-EIGHT	12512	101	155	-0.21	47	71	-0.20	momentarying 115, sharing 44, offering 43	—	offering 43 sharing 44 competencing 11 moralizing 18 corusing 1 torusing 6 momentarying 115 tunneling 7 chaining 38 entraining 4
Exhibit TWENTY-NINE	17844	164	170	-0.02	66	72	-0.04	momentarying 92, offering 65, corusing 34	—	offering 65 sharing 21 competencing 11 moralizing 17 corusing 34 torusing 28 momentarying 92 tunneling 28 chaining 33 entraining 4
Exhibit THIRTY	33872	592	587	+0.00	211	220	-0.02	momentarying 427, offering 179, sharing 142	—	offering 179 sharing 142 competencing 84 moralizing 69 corusing 52 torusing 82 momentarying 427 tunneling 13 chaining 93 entraining 7
Natural Intelligence Corus	62069	287	777	-0.46	5	392	-0.97	corusing 497, competencing 251, sharing 120	2-15-7-10	offering 24 sharing 120 competencing 251 moralizing 93 corusing 497 torusing 80 momentarying 0 tunneling 38 chaining 5 entraining 6
