file	version	title	subtitle	parts at the front	entries at the front	headings in the body	words	subtitle -ings	front: &nbsp;	front: --- 	front: list entries	front at the steady form
Natural_Intelligence_v380R.md	v380R	Natural Intelligence	Geodesic Method of Discovering Next Possible Existing	ONE · NATURAL | TWO · CO-SEQUENCING | THREE · GEODESIC METHOD | FOUR · RESOLVING | FIVE · DISCOVERING NEXT | SIX · INTELLIGENCE	40	47	25317	Discovering Existing	False	True	True	True
Exhibit_ONE_Natural_Resolver_v380R.md	v380R	Natural Resolver	Stable Forms of the Discovering Method		0	0	9993	Discovering	False	True	False	True
Exhibit_TWO_Natural_Networking_v371.md	v371	Natural Networking	Stable-Forming Social Moral Competency at a Geodesic Surface	PART ONE · SURFACING | PART TWO · LIVING | PART THREE · RETELLING | PART FOUR · ABUNDANCING | PART FIVE · SECURITIES | PART SIX · VISIBILITY	48	72	24911	Stable-Forming	True	True	False	False
Exhibit_THREE_Natural_Numbers_v380L.md	v380L	Natural Numbers	Co-Sequential Bi-Unrelationing	ONE · UNI-SCALING | TWO · CORUSING | THREE · UNRELATIONING | FOUR · TORUSING | FIVE · UNIQUENESSING | SIX · APEXING | SEVEN · COUPLING | EIGHT · INSEPARATING | NINE · TUNNELING | TEN · TRANSMISSIONING | ELEVEN · EACH NUMBER	54	65	21247	Bi-Unrelationing	False	True	True	True
Exhibit_FOUR_Natural_Mathematics_v380L.md	v380L	Natural Mathematics	Each Parity Changing Everything the Other Is Not	ONE · FLOATING NEUTRALLING | TWO · ORTHOGONALIZING | THREE · ACCOUNTING | FOUR · BOUNDING | FIVE · SELF-COHERING | SIX · INSEPARATING | SEVEN · CO-OFFERING	41	48	8877	Changing Everything	False	True	True	True
Exhibit_FIVE_Natural_Engineering_v345a.md	v345a	Natural Engineering	Engineering Bi-Moral-Co-Agency at a Substrate	PART ONE · SUBSTRATES CARRYING THE FORM | PART TWO · MORE SUBSTRATES, AND THE FROZEN CASES | PART THREE · MATERIAL RETURNING AND ENGINEERING RECEIVING | PART FOUR · CROSSING, SENSING AND RETURNING | PART FIVE · ENGINEERING OPPORTUNITY AND THE RECEIVING COUPLING | PART SIX · SIGNATURE AND ENGINEERING RECEIVING	52	58	38120	Engineering	True	True	False	False
Exhibit_SIX_Natural_Transmissioning_v330.md	v330	Natural Transmissioning	Bi-Coupling Science and Engineering		26	26	5200	Bi-Coupling Engineering	True	True	False	False
Exhibit_SEVEN_Natural_Societies_v373.md	v373	Natural Societies	Co-Recursioning Up and Down Social Scales	PART ONE · COMPETENCING | PART FIVE · SCALING	24	29	6556	Co-Recursioning	True	True	False	False
Exhibit_EIGHT_Natural_Exploring_v329.md	v329	Natural Exploring	Open Team Moral Co-Competencing		44	7	7764	Co-Competencing	True	True	False	False
Exhibit_NINE_Natural_Human_Society_v329.md	v329	Natural Human Society	Geodesic Method of Human Social Moral Co-Competencing	PART ONE · THE METHOD'S GROUND, one concept not yet apparent | PART TWO · RESOLVING | PART THREE · ABUNDANCING | PART FIVE · BIRTHING	0	30	6683	Co-Competencing	True	True	False	False
Exhibit_TEN_Natural_Health_v329.md	v329	Natural Health	Sustaining Self-Bi-Co-Recursioning-Self		13	14	2402	Sustaining Self-Bi-Co-Recursioning	True	True	False	False
Exhibit_ELEVEN_Natural_Medicine_v331.md	v331	Natural Medicine	Sensor-Sensationing Human Health	PART ONE · RESTORATION | PART TWO · A DEPARTURE, AND WHAT IT IS | PART THREE · DEPARTURES READ AT A COLLAR | PART FOUR · REFUSALS, DISCARDS, AND A DOSE AT AN AVERAGE | PART FIVE · COHERING, AND NOT-YET	20	21	25508	Sensor-Sensationing	True	True	False	False
Exhibit_TWELVE_Natural_Explaining_v378.md	v378	Natural Explaining	Self-Welcoming, Bi-Coupling and Co-Competencing	ONE · A FILE ARRIVING | TWO · A SENTENCE AT ONE MOMENTARY | THREE · A SENTENCE'S SUPPLYING, AND ITS RELEASING | FOUR · TWO SELVES WRITING	37	41	7163	Self-Welcoming Bi-Coupling Co-Competencing	False	True	True	True
Exhibit_THIRTEEN_Resolving_Hard_Problems_v380L.md	v380L	Resolving Hard Problems	Bi-Momentary Co-Sequencing of Living and Non-Living Existing Things	ONE · AN EXISTING UNIVERSE | TWO · PRIOR | THREE · NOW | FOUR · NEXT | FIVE · A FIELD'S ARRIVAL AT THE RESOLVER | SIX · COMPETENCY OF NEXT LIVING	27	33	4195	Co-Sequencing Living Non-Living Existing	False	True	True	True
Exhibit_FOURTEEN_Natural_Destinies_v333.md	v333	Natural Destinies	Social Moral Co-Abundancing		0	5	1141	Co-Abundancing	True	True	False	False
Exhibit_FIFTEEN_Natural_Emanating_v329.md	v329	Natural Emanating	Self-Welcoming Social Moral Co-Offerings	PART ONE · THE EMANATIONS | PART TWO · THE SHORT DEFININGS	0	64	7371	Self-Welcoming	True	True	False	False
Exhibit_SIXTEEN_Natural_Chemistry_v346c.md	v346c	Natural Chemistry	Co-Chaining Selves Traveling Stable Societies	PART ONE · OFFERING | PART TWO · INVERSIONING | PART THREE · TUNNELLING | PART FOUR · SURFACING | PART FIVE · CARRYING | PART SIX · INSEPARATING	34	40	13961	Co-Chaining Traveling	True	True	False	False
Exhibit_SEVENTEEN_Natural_Biology_v333.md	v333	Natural Biology	Stable-Forming Social Organisms	PART ONE · LIVING SELVES | PART TWO · TWO METHODS | PART THREE · MOLECULAR SELVES | PART FOUR · SELF-BOUNDING | PART FIVE · SELVES CONCEIVING SELVES | PART SIX · SELVES AMONG SELVES | PART SEVEN · ENDINGS, AND A NETWORK EATING DOWNWARD | PART EIGHT · HARD PROBLEMS AT BIOLOGY | PART NINE · HARD PROBLEMS, CLEAN CUTS, AND STILL POINTS | PART TEN · COHERING, AND NOT-YET	69	69	36600	Stable-Forming	True	True	False	False
Exhibit_EIGHTEEN_Natural_Physics_v379.md	v379	Natural Physics	Geodesic Method at Each Physical Coupling	ONE · A PHYSICAL COUPLING | TWO · TWO METHODS PARTING AT THE NOW | THREE · PHYSICAL OBSERVINGS | FOUR · HARD PROBLEMS AT PHYSICS | FIVE · COHERING	40	45	22126	Coupling	False	True	True	True
Exhibit_NINETEEN_Natural_Philosophy_v348.md	v348	Natural Philosophy	Social-Bi-Co Unrelationing	PART ONE · DIVIDING | PART TWO · RE-COUPLING | PART THREE · SEAMING | PART FOUR · CO-SEQUENCING | PART FIVE · GATHERING | PART SIX · COHERING	54	60	17351	Unrelationing	True	True	False	False
Exhibit_TWENTY_Natural_Naming_v380R.md	v380R	Natural Naming	Floating Neutralling Bi-Coupling Concepts	ONE · A NAMING, FOUR BOUNDINGS AT ONCE | TWO · WORD SELECTIONS, EACH WITH ITS CARRYING | THREE · RESOLVER NAMES | FOUR · A NAMING'S CRAFT | FIVE · NAMINGS | SIX · GATHERINGS AT THE RESOLVER'S NAMES | SEVEN · GHOST | EIGHT · THE UNFOLDING'S RELEASING	110	119	31999	Floating Neutralling Bi-Coupling	False	True	True	True
Exhibit_TWENTY-ONE_Hard_Problem_Registry_v375.md	v375	Hard Problem Registry	An Open Registry of Hard Problems in Science		0	274	210435		True	True	False	False
Exhibit_TWENTY-TWO_Resolving_the_Hard_Problem_Registry_v375.md	v375	Resolving the Hard Problem Registry	Binary Co-Sequential Sensor-Sensationing		257	278	65993	Sensor-Sensationing	True	True	False	False
Exhibit_TWENTY-THREE_Natural_Values_v333.md	v333	Natural Values	Co-Abundancing Received Value	PART ONE · VALUING | PART TWO · COUPLING | PART THREE · CARRYING | PART FOUR · UNRELATIONING | PART FIVE · ABUNDANCING	12	12	1991	Co-Abundancing	True	True	False	False
Exhibit_TWENTY-FOUR_Geodesic_Improving_Method_v380R.md	v380R	Geodesic Improving Method	Carrying Incoming Value into Each File, Prior, Now and Next	ONE · THREE MOMENTARIES AT A FILE | TWO · TWO SELVES AT THE MEMBRANE | THREE · IMPROVING ONE FILE | FOUR · THE INSTRUMENTS' BRINGING | FIVE · VALUES OF THE METHOD	28	33	9838	Carrying Incoming	False	True	True	True
Exhibit_TWENTY-FIVE_Living_Society_Registry_v347.md	v347	Living Society Registry	An Open Registry of Observations from Science		33	36	12180		True	True	False	False
Exhibit_TWENTY-SIX_Living_File_Registry_v380R.md	v380R	Living File Registry	Standing-Gathering the Living Files	PART ONE · LIVING FILES | PART TWO · SHARED STABLE-FORMING | PART THREE · CLUSTERING | PART FOUR · SEAMING | PART FIVE · CONTINUING	34	39	25708	Standing-Gathering Living	False	True	True	True
Exhibit_TWENTY-SEVEN_Living_Ghost_Registry_v345a.md	v345a	Living Ghost Registry	Still Accounting and Stable-Forming Co-Competency	PART ONE · GHOST-FORM, AND THE FIVE REGISTERS KEPT APART | PART TWO · THREE COUNTS, NONE A SUBSTITUTE FOR ANOTHER | PART THREE · THE ENTRY FORM | PART FOUR · SOURCE CHAIN INSIDE THE LIVING FILES | PART FIVE · ENTRIES | PART SIX · THREE PLACINGS, AND INSTALLATION THE BINARY | PART SEVEN · THE INTAKE, AND WHERE THE REGISTRY REACHES NEXT | PART EIGHT · ADDRESSES BEYOND THE LIVING FILES	49	58	37732	Accounting Stable-Forming	True	True	False	False
Exhibit_TWENTY-EIGHT_Equilibria_Registry_v380L.md	v380L	Equilibria Registry	Not Possibly Existing, Living or Non-Living	ONE · EXISTING THROUGH MOMENTARIES | TWO · EQUILIBRIA, HARD PROBLEMING | THREE · THE TEN, FIVE PLACES AT TWO FACES | FOUR · CONCEPTIONS OF EQUILIBRIA, EACH A HARD PROBLEM IN ITS OWN WORDS | FIVE · RESOLVING FOLLOWING, THE EXCLUSIONS AT THE RESOLVER	32	37	12512	Existing Living Non-Living	False	True	True	True
Exhibit_TWENTY-NINE_Natural_Illustrating_v379.md	v379	Natural Illustrating	Discovering Intelligent Stable Forms	ONE · ILLUSTRATING | TWO · THE METHOD AT ITS FACES | THREE · THE NUMBERS | FOUR · SELVES AND SOCIETIES | FIVE · THE SCIENCES' PICTURES | SIX · HUMAN SOCIETY'S PICTURES | SEVEN · THE TEN AS PICTURES | EIGHT · EXPRESSING | NINE · CO-IMPROVING	48	57	17844	Discovering	False	True	True	True
Exhibit_THIRTY_Co-Chaining_Logic_Registry_v380L.md	v380L	Co-Chaining Logic Registry	The Fractal Inward and Outward of Itself, Binary Method of Discovering Next Existing		42	42	33872	Discovering Existing	False	True	True	False
Natural_Intelligence_Corus_v330.md	v330	Natural Intelligence Corus	Offering Social Moral Competency at a Self's Own Carrying, Alternating Stable-Forming in Disequilibria		0	204	62069	Offering Carrying Alternating Stable-Forming	True	True	False	False
