file	subtitle	far side in Natural Intelligence, first	second	the words it carries most and the set least
Exhibit ONE	Stable Forms of the Discovering Method	4.10 A between and eight bi-couplings	4.8 Seventeen names and ten roots	six-cycle, four-cycle, spiraling, bi-co-bi, bi-tri-bi, eight-cycle, corusing, co-bi-tri-offering
Exhibit TWO	Stable-Forming Social Moral Competency at a Geodesic Surface	1.3 Living and non-living, carrying or not	1.2 Changing, one and then the other	participation, participates, meetings, continues, continuing, continuation, other-crossing, participating
Exhibit THREE	Co-Sequential Bi-Unrelationing	4.11 One move as three, and the forms among the names	3.2 Five dimensions, each binary in its two directions	hundred, prime, seam-face, nought, fifty-nine, seventeen, squared, forty
Exhibit FOUR	Each Parity Changing Everything the Other Is Not	4.13 Spirals, co-spiraling and crossing	4.11 One move as three, and the forms among the names	nought, parities, rotations, angle, involution, parity, fixes, co-offerings
Exhibit FIVE	Engineering Bi-Moral-Co-Agency at a Substrate	4.5 Released along at 9	4.6 A society's next momentary at 17	https, retains, receiving, retain, express, remain, arrangement, operations
Exhibit SIX	Bi-Coupling Science and Engineering	4.10 A between and eight bi-couplings	4.8 Seventeen names and ten roots	crossinging, transmissioning, renders, plaza, time-term, rendering, neutralling, sounding
Exhibit SEVEN	Co-Recursioning Up and Down Social Scales	2.4 Next from prior and now	4.8 Seventeen names and ten roots	birthing, nyeing, stills, ladder, rungs, center, biosphere, inequalities
Exhibit EIGHT	Open Team Moral Co-Competencing	5.4 Two methods parting at the now	2.1 Parity, one side odd and the other even	un-relating, co-chains, co-unrelationing, concept-inverting, freeing, deploying, frees, trail
Exhibit NINE	Geodesic Method of Human Social Moral Co-Competencing	1.5 Natural-, all or none at all, at the one hand	1.1 Universe, the changing set of all existing things	do-no-harming, fairness, good-faith, birthing, nyeing, human, concern, tipping
Exhibit TEN	Sustaining Self-Bi-Co-Recursioning-Self	5.1 A prior between momentaries	2.2 A momentary, an opening and its completing	health, compaction, swaying, neutrals, re-locked, omega-self, medicine, tunneling-unrelationing
Exhibit ELEVEN	Sensor-Sensationing Human Health	1.1 Universe, the changing set of all existing things	1.2 Changing, one and then the other	restoration, collar, cancer, reservoir, membrane, medicine, compaction, therapy
Exhibit TWELVE	Self-Welcoming, Bi-Coupling and Co-Competencing	1.1 Universe, the changing set of all existing things	6.3 Natural intelligence	sentence, telling, wrapper, knives, tellings, clocking, prose, hedge
Exhibit THIRTEEN	Bi-Momentary Co-Sequencing of Living and Non-Living Existing Things	4.3 A changing is or is not, at 12	3.4 A sharing, its parity, an offering and a carrying	momentary, bi-momentary, chained, non-living, parity, existing, offerings, prior
Exhibit FOURTEEN	Social Moral Co-Abundancing	6.1 Bi-co-momentarying, the term neither reaches	1.1 Universe, the changing set of all existing things	destiny, imaginable, imagined, destinies, safely, imagining, safeties, imagines
Exhibit FIFTEEN	Self-Welcoming Social Moral Co-Offerings	1.1 Universe, the changing set of all existing things	4.4 Shared across at 10, chained at 11	relatable, enforcement, transitive, anyone, disequilibria, specimen, abundancy, nothing-inside
Exhibit SIXTEEN	Co-Chaining Selves Traveling Stable Societies	4.11 One move as three, and the forms among the names	3.2 Five dimensions, each binary in its two directions	chemical, water, carbon, shell, chemistry, electron, covalent, orbitals
Exhibit SEVENTEEN	Stable-Forming Social Organisms	2.5 All or none at all, of no size	4.7 Six names between selves, four facings, two sharings and two releasings	reading-spiral, re-resolving, disequilibrating, neighbors, local, elsewhere, funnel, knowing-question
Exhibit EIGHTEEN	Geodesic Method at Each Physical Coupling	5.4 Two methods parting at the now	4.10 A between and eight bi-couplings	physics, relativity, centerline, gravity, quantum, other-offering, force, disequilibrating
Exhibit NINETEEN	Social-Bi-Co Unrelationing	4.8 Seventeen names and ten roots	3.2 Five dimensions, each binary in its two directions	re-coupling, dilemma, posed, freed, split, clean, bounding-zeroing, ought
Exhibit TWENTY	Floating Neutralling Bi-Coupling Concepts	1.1 Universe, the changing set of all existing things	4.1 An entry, 1-co-bi-tri-offering	existing, momentary, parity, changing, co-bi-tri-offering, bi-momentarying, prefixing, momentaries
Exhibit TWENTY-ONE	An Open Registry of Hard Problems in Science	3.3 A method, a non-living existing thing	1.1 Universe, the changing set of all existing things	specifications, fetched, keyed, unreachability, hardness, approaches, abstract, persistence
Exhibit TWENTY-TWO	Binary Co-Sequential Sensor-Sensationing	4.12 One self, momentary by momentary	4.11 One move as three, and the forms among the names	other-social-self-abundancing, other-self-offering, social-other-self-chaining, named, class, criterion, listing, models
Exhibit TWENTY-THREE	Co-Abundancing Received Value	1.5 Natural-, all or none at all, at the one hand	2.4 Next from prior and now	preferring, scarcity, consults, incompetenced, never-before, abundancing, re-locks, criterion
Exhibit TWENTY-FOUR	Carrying Incoming Value into Each File, Prior, Now and Next	6.6 One form at each scale, our now	1.1 Universe, the changing set of all existing things	session, improving, working, passage, concern, helpers, files, do-no-harm
Exhibit TWENTY-FIVE	An Open Registry of Observations from Science	2.5 All or none at all, of no size	4.13 Spirals, co-spiraling and crossing	upstream, inferencing, members, stripped, posited, trimer, detector, twenty-seven
Exhibit TWENTY-SIX	Standing-Gathering the Living Files	6.6 One form at each scale, our now	6.3 Natural intelligence	session, registry, illustrating, networking, working, improving, merged, subjects
Exhibit TWENTY-SEVEN	Still Accounting and Stable-Forming Co-Competency	5.4 Two methods parting at the now	1.1 Universe, the changing set of all existing things	is-not, fetch, installation, ghost, posted, entropy, ghost-form, twenty-five
Exhibit TWENTY-EIGHT	Not Possibly Existing, Living or Non-Living	6.3 Natural intelligence	1.1 Universe, the changing set of all existing things	conception, executions, suggested, momentary, existing, dynamical, stability, resolver
Exhibit TWENTY-NINE	Discovering Intelligent Stable Forms	4.13 Spirals, co-spiraling and crossing	4.12 One self, momentary by momentary	drawing, diamonds, illustrating, drawn, views, crowd, forty-five, animation
Exhibit THIRTY	The Fractal Inward and Outward of Itself, Binary Method of Discovering Next Existing	2.2 A momentary, an opening and its completing	4.13 Spirals, co-spiraling and crossing	adding, parity, momentary, existing, momentaries, unsure, non-living, parities
Natural Intelligence Corus	Offering Social Moral Competency at a Self's Own Carrying, Alternating Stable-Forming in Disequilibria	3.2 Five dimensions, each binary in its two directions	5.1 A prior between momentaries	phi-rate, destiny, corus, cumulative, beating, ghost, membrane, sustains
