file	version	words	released words of the kit list	per thousand words	the five most
Natural Intelligence	v380R	24963	26	1.0	so 20, count 4, keeping 1, counted 1
Exhibit ONE	v380R	9639	6	0.6	so 6
Exhibit TWO	v371	24911	598	24.0	sign 217, signs 49, running 37, run 28, neighbour 22
Exhibit THREE	v380L	21247	95	4.5	taken 23, run 22, runs 17, running 16, half 6
Exhibit FOUR	v380L	8877	131	14.8	taken 24, runs 20, sign 19, running 9, kept 8
Exhibit FIVE	v345a	38120	673	17.7	sign 161, holding 73, count 46, taking 45, held 40
Exhibit SIX	v330	5200	201	38.7	sign 42, held 14, free 12, kept 12, holds 11
Exhibit SEVEN	v373	6556	260	39.7	every 39, where 34, sign 13, run 12, runs 12
Exhibit EIGHT	v329	7764	465	59.9	where 81, so 54, every 35, free 28, stands 25
Exhibit NINE	v329	6683	348	52.1	where 56, every 45, holds 29, holding 20, so 18
Exhibit TEN	v329	2402	79	32.9	where 12, sign 8, running 7, runs 6, counting 5
Exhibit ELEVEN	v331	25508	945	37.0	where 145, so 84, stands 73, sign 69, every 50
Exhibit TWELVE	v378	7163	233	32.5	running 44, telling 30, taken 22, sign 22, runs 22
Exhibit THIRTEEN	v380L	4195	30	7.2	so 11, left 5, there 4, where 3, counted 3
Exhibit FOURTEEN	v333	1141	63	55.2	where 18, held 7, taken 6, takes 5, there 4
Exhibit FIFTEEN	v329	7041	352	50.0	there 45, where 34, so 34, every 25, held 21
Exhibit SIXTEEN	v346c	13961	523	37.5	where 54, count 53, so 52, every 50, sign 38
Exhibit SEVENTEEN	v333	36600	1276	34.9	where 156, stands 106, every 94, held 70, runs 70
Exhibit EIGHTEEN	v379	22126	822	37.2	held 124, where 82, there 66, sign 60, stands 49
Exhibit NINETEEN	v348	17351	885	51.0	held 181, where 112, every 76, taking 55, stands 55
Exhibit TWENTY	v380R	26883	162	6.0	so 24, landing 14, taken 10, sign 10, where 8
Exhibit TWENTY-ONE	v375	210435	3151	15.0	stands 377, there 362, holds 316, hold 293, where 284
Exhibit TWENTY-TWO	v375	65947	1550	23.5	where 203, running 180, stands 139, so 121, stand 120
Exhibit TWENTY-THREE	v333	1991	116	58.3	sign 20, runs 14, where 13, stands 7, held 6
Exhibit TWENTY-FOUR	v380R	9838	228	23.2	running 29, run 26, taken 24, count 21, runs 21
Exhibit TWENTY-FIVE	v347	12016	499	41.5	where 60, stand 59, stands 50, held 39, every 38
Exhibit TWENTY-SIX	v380R	25801	289	11.2	where 24, when 20, count 17, keep 16, every 16
Exhibit TWENTY-SEVEN	v345a	37317	924	24.8	where 166, every 79, sign 68, count 59, stands 49
Exhibit TWENTY-EIGHT	v380L	12512	91	7.3	signs 16, sign 13, runs 8, every 5, when 5
Exhibit TWENTY-NINE	v379	17844	13	0.7	so 4, memory 3, stilling 2, ageing 2, half 1
Exhibit THIRTY	v380L	33872	11	0.3	sign 4, so 4, landing 2, keeping 1
Natural Intelligence Corus	v330	62069	1524	24.6	every 552, where 321, when 74, left 65, free 57
