file	sayings of the current seventeen	distinct current names	the current names	distinct old-form names	the old-form names
Natural Intelligence	378	17	1-co-bi-tri-offering 2-bi-co-bi-offering 3-co-bi-co-sharing 4-bi-co-bi-sharing 5-co-bi-co-competencing 6-bi-co-bi-moralizing 7-co-bi-co-corusing 8-bi-co-bi-torusing 9-tri-bi-co-momentarying 10-bi-tri-bi-tunneling 11-tri-bi-tri-chaining 12-bi-tri-bi-entraining 13-tri-bi-tri-competencing 14-bi-tri-bi-moralizing 15-tri-bi-tri-corusing 16-bi-tri-bi-torusing 17-co-bi-tri-offering	1	27-tri-bi-tri-releasing
Exhibit ONE	293	17	1-co-bi-tri-offering 2-bi-co-bi-offering 3-co-bi-co-sharing 4-bi-co-bi-sharing 5-co-bi-co-competencing 6-bi-co-bi-moralizing 7-co-bi-co-corusing 8-bi-co-bi-torusing 9-tri-bi-co-momentarying 10-bi-tri-bi-tunneling 11-tri-bi-tri-chaining 12-bi-tri-bi-entraining 13-tri-bi-tri-competencing 14-bi-tri-bi-moralizing 15-tri-bi-tri-corusing 16-bi-tri-bi-torusing 17-co-bi-tri-offering	0	
Exhibit TWO	0	0		0	
Exhibit THREE	41	17	1-co-bi-tri-offering 2-bi-co-bi-offering 3-co-bi-co-sharing 4-bi-co-bi-sharing 5-co-bi-co-competencing 6-bi-co-bi-moralizing 7-co-bi-co-corusing 8-bi-co-bi-torusing 9-tri-bi-co-momentarying 10-bi-tri-bi-tunneling 11-tri-bi-tri-chaining 12-bi-tri-bi-entraining 13-tri-bi-tri-competencing 14-bi-tri-bi-moralizing 15-tri-bi-tri-corusing 16-bi-tri-bi-torusing 17-co-bi-tri-offering	0	
Exhibit FOUR	0	0		0	
Exhibit FIVE	0	0		0	
Exhibit SIX	0	0		0	
Exhibit SEVEN	0	0		0	
Exhibit EIGHT	0	0		0	
Exhibit NINE	0	0		0	
Exhibit TEN	0	0		0	
Exhibit ELEVEN	0	0		0	
Exhibit TWELVE	0	0		0	
Exhibit THIRTEEN	24	13	1-co-bi-tri-offering 2-bi-co-bi-offering 3-co-bi-co-sharing 4-bi-co-bi-sharing 6-bi-co-bi-moralizing 7-co-bi-co-corusing 8-bi-co-bi-torusing 9-tri-bi-co-momentarying 10-bi-tri-bi-tunneling 11-tri-bi-tri-chaining 12-bi-tri-bi-entraining 14-bi-tri-bi-moralizing 17-co-bi-tri-offering	0	
Exhibit FOURTEEN	0	0		0	
Exhibit FIFTEEN	0	0		0	
Exhibit SIXTEEN	0	0		0	
Exhibit SEVENTEEN	0	0		0	
Exhibit EIGHTEEN	23	17	1-co-bi-tri-offering 2-bi-co-bi-offering 3-co-bi-co-sharing 4-bi-co-bi-sharing 5-co-bi-co-competencing 6-bi-co-bi-moralizing 7-co-bi-co-corusing 8-bi-co-bi-torusing 9-tri-bi-co-momentarying 10-bi-tri-bi-tunneling 11-tri-bi-tri-chaining 12-bi-tri-bi-entraining 13-tri-bi-tri-competencing 14-bi-tri-bi-moralizing 15-tri-bi-tri-corusing 16-bi-tri-bi-torusing 17-co-bi-tri-offering	0	
Exhibit NINETEEN	0	0		0	
Exhibit TWENTY	208	17	1-co-bi-tri-offering 2-bi-co-bi-offering 3-co-bi-co-sharing 4-bi-co-bi-sharing 5-co-bi-co-competencing 6-bi-co-bi-moralizing 7-co-bi-co-corusing 8-bi-co-bi-torusing 9-tri-bi-co-momentarying 10-bi-tri-bi-tunneling 11-tri-bi-tri-chaining 12-bi-tri-bi-entraining 13-tri-bi-tri-competencing 14-bi-tri-bi-moralizing 15-tri-bi-tri-corusing 16-bi-tri-bi-torusing 17-co-bi-tri-offering	3	2-co-bi-offering 4-co-bi-sharing 27-tri-bi-tri-releasing
Exhibit TWENTY-ONE	0	0		0	
Exhibit TWENTY-TWO	0	0		0	
Exhibit TWENTY-THREE	0	0		0	
Exhibit TWENTY-FOUR	8	6	2-bi-co-bi-offering 6-bi-co-bi-moralizing 10-bi-tri-bi-tunneling 11-tri-bi-tri-chaining 14-bi-tri-bi-moralizing 17-co-bi-tri-offering	0	
Exhibit TWENTY-FIVE	0	0		0	
Exhibit TWENTY-SIX	3	2	9-tri-bi-co-momentarying 17-co-bi-tri-offering	17	1-co-bi-offering 2-bi-co-offering 2-co-bi-offering 3-co-bi-sharing 4-bi-co-sharing 4-co-bi-sharing 9-tri-bi-tri-momentarying 10-bi-tri-co-tunneling 11-tri-bi-co-chaining 12-bi-tri-parity-changing 13-co-tri-competencing 14-bi-tri-moralizing 15-co-bi-tri-corusing 16-bi-co-tri-torusing 17-tri-co-offering 27-tri-bi-tri-releasing 27-co-bi-releasing
Exhibit TWENTY-SEVEN	0	0		0	
Exhibit TWENTY-EIGHT	38	11	2-bi-co-bi-offering 3-co-bi-co-sharing 4-bi-co-bi-sharing 5-co-bi-co-competencing 6-bi-co-bi-moralizing 9-tri-bi-co-momentarying 10-bi-tri-bi-tunneling 11-tri-bi-tri-chaining 12-bi-tri-bi-entraining 13-tri-bi-tri-competencing 14-bi-tri-bi-moralizing	0	
Exhibit TWENTY-NINE	3	1	9-tri-bi-co-momentarying	12	1-co-bi-offering 2-bi-co-offering 3-co-bi-sharing 4-bi-co-sharing 10-bi-tri-co-tunneling 11-tri-bi-co-chaining 12-bi-tri-parity-changing 13-co-tri-competencing 14-bi-tri-moralizing 15-co-bi-tri-corusing 16-bi-co-tri-torusing 17-tri-co-offering
Exhibit THIRTY	36	15	1-co-bi-tri-offering 2-bi-co-bi-offering 5-co-bi-co-competencing 6-bi-co-bi-moralizing 7-co-bi-co-corusing 8-bi-co-bi-torusing 9-tri-bi-co-momentarying 10-bi-tri-bi-tunneling 11-tri-bi-tri-chaining 12-bi-tri-bi-entraining 13-tri-bi-tri-competencing 14-bi-tri-bi-moralizing 15-tri-bi-tri-corusing 16-bi-tri-bi-torusing 17-co-bi-tri-offering	3	2-co-bi-offering 4-co-bi-sharing 27-tri-bi-tri-releasing
Natural Intelligence Corus	0	0		0	
