file	line	class	sentence	proposed re-saying
Exhibit_FIVE_Natural_Engineering_v345a.md	159	C	| Co-cycling | The engineering coupling |	Bettering, fastering and cheapering co-spiral at the whole receiving (co-offering, co-competencing, co-intelligencing)
Exhibit_FIVE_Natural_Engineering_v345a.md	165	C	**Bettering, fastering and cheapering** co-cycle at the whole receiving. The engineered service, operating range, material, rate and returning carry their particular comparison. Each quantity retain	Bettering, fastering and cheapering co-spiral at the whole receiving (co-offering, co-competencing, co-intelligencing)
Exhibit_FIVE_Natural_Engineering_v345a.md	200	N	| **§§10.1 and 10.11 · 440 and zero at one close; carrying on** | Re-arriving at the ring's zero address can carry continuing forward. The next carrying remains with that arriving; equality of an address supplies no instruction to empty th	CLOSURE NAMED in heading ("440 and zero at one close"; "re-arriving at the ring's zero address") though text carries on -> "440 and zero at one spiral step; carrying on"
Exhibit_FIVE_Natural_Engineering_v345a.md	203	N	**The proposed 0–440–0 running carries forward at the zeroing.** A ring address and the carrying arriving there are different properties. Numbers §10.11 names four hundred forty one-way changes per alternation and the wra	0-440-0 wrap carrying on; no closure claimed (file denies "repeated complete condition"); ring address -> spiral address
Exhibit_FIVE_Natural_Engineering_v345a.md	205	S	s remains part of the map. Numbers §4.5's forward/backward carry ratios and §1.8's two forward faces likewise retain their facing correspondence. The ring pairings, the six directions and the sixteen momentaries retain their own relations at §6.9 and the central carrying. This mapping offers their recei	The spiral pairings
Exhibit_FIVE_Natural_Engineering_v345a.md	237	F	| **Quadrature** | A quarter-cycle relation between components in the stated representation |	
Exhibit_FIVE_Natural_Engineering_v345a.md	263	S	TWO's ring observations belong with their particular wiring and running. An electrical network's receiving of that learning still needs its own sign-inverting c	TWO's spiral observations
Exhibit_FIVE_Natural_Engineering_v345a.md	366	C	TWO records the one-way odd reference ring's `N × 4` re-arrival at its specified membrane, alongside the even-ring and joined-ring checks. These records carry the harness and represented surfa	the one-way odd reference spiral's parities coming again at N x 4 (the 0 having passed each self twice), no momentary twice
Exhibit_FIVE_Natural_Engineering_v345a.md	446	F	The half, quarter, standing-wave node, loop and helix remain available to examine at their respective operations. Each needs its operation before it can carry a natural prefix depth, crossing o	
Exhibit_FIVE_Natural_Engineering_v345a.md	468	F	uencing array elements; wavefront correction with the actual receiving signal expressed; event information retained at its next useful receiving; and loop, helix and dipole comparisons at the same task. Speckle recovery remains a source question at the residue entry. Superattentioning retains the far an	
Exhibit_FIVE_Natural_Engineering_v345a.md	486	F	utput with a torsion spring. Strain gauges measured spring twist; the experimental arrangement retained an encoder, computer, motor model and control loop. Its force and impedance experiments locate a useful compliant interface, with bandwidth and saturation conditions. Elastic storage and sensing are p	
Exhibit_FIVE_Natural_Engineering_v345a.md	548	F	**Receiving carries its duration and its particular comparison.** At a nonzero beat rate `b`, a full beat period is `1/b` seconds. A method requiring a full beat therefore retains that duration; a fixed short interval without a complete beat leaves smaller nonze	
Exhibit_FIVE_Natural_Engineering_v345a.md	612	F	**The lockstitch is a particular mechanical arrival.** The needle carries its thread across the fabric; the hook interlocks its loop with the bobbin thread. The two threads therefore do not both remain entirely on their original sides during formation. Coats distinguishes penetrati	
Exhibit_FIVE_Natural_Engineering_v345a.md	633	F	es the temperature cross and its limits. A built arrival needs its own inlet and outlet records, flow rates, area and operating conditions. The vapor-cycle experiment below supplies a separate expansion-recovery arrival. |	
Exhibit_FIVE_Natural_Engineering_v345a.md	650	F	**The vapor cycle and its return.** The compressor receives vapor. Condensing, expansion and evaporating occupy their own parts of the subcritical cycle; the compresso	
Exhibit_FIVE_Natural_Engineering_v345a.md	672	F	The whole repeating arrangement still needs returning heat, receiving temperature and rate, circulation and remaining lift expressed together. §5.3 carries the desalinat	
Exhibit_FIVE_Natural_Engineering_v345a.md	741	C	tinuing co-offering includes its next arriving and any further changing. Co-offering, co-competencing and co-intelligencing remain inseparable in the cycling of bettering, fastering and cheapering at that whole receiving.	Bettering, fastering and cheapering co-spiral at the whole receiving (co-offering, co-competencing, co-intelligencing)
Exhibit_FIVE_Natural_Engineering_v345a.md	760	C	**Bettering, fastering and cheapering co-cycle at the whole receiving.** They carry with co-offering, co-competencing and co-intelligencing; list order assigns no separate phase or measured quanti	Bettering, fastering and cheapering co-spiral at the whole receiving (co-offering, co-competencing, co-intelligencing)
Exhibit_FIVE_Natural_Engineering_v345a.md	788	F	arrivals. Each keeps its own sensed quantity, retained changing and receiving. The physical entries retain their particular examples; spike, tension, ring, feedback and parity name no common moral sign or completed natural connector by themselves.	
Exhibit_FIVE_Natural_Engineering_v345a.md	827	F	useful receiving and departing products. The continuing opportunity is the heat or material available at the next receiving, with the renewal of each cycle expressed. A heat-exchange path and a complete engine carry different boundaries.	
Exhibit_FIVE_Natural_Engineering_v345a.md	831	F	**Fluidic.** The soft ring oscillator joins pneumatic inverters in a loop and supplies constant-pressure air. The output pressures cycle without electronic timing commands. Inf	
Exhibit_FIVE_Natural_Engineering_v345a.md	833	F	rtunity follows the supply, valve changing, actuator receiving and exhaust together. A fluidic logic operation, a microfluidic transport path, vortex-ring motion and vortex shedding retain different arrangements. The traveling wave and material-flow distinction at §6.3 remains available to each; a ring	
Exhibit_FIVE_Natural_Engineering_v345a.md	835	F	e field-effect transistors. The figure captions retain the voltage-to-pH conversion, varied solution concentrations and the limited interval used for period summaries. [Sakata and colleagues, primary abstract and Figures 1–2 captions](https://pubmed.ncbi.nlm.nih.gov/35194095/). Chemical changing and the e	
Exhibit_FIVE_Natural_Engineering_v345a.md	867	F	(https://science.nasa.gov/learn/basics-of-space-flight/primer/). The engineering receiving is the trajectory available at the next encounter. Orbital period, precession, elapsed time and the proposed natural turning need their own relations. Different orbital periods do not by themselves establish the abs	
Exhibit_FIVE_Natural_Engineering_v345a.md	869	C	g material each offer something to follow. The actual input, material and return accompany the releasing, with bettering, fastering and cheapering co-cycling at §2.1.	Bettering, fastering and cheapering co-spiral at the whole receiving (co-offering, co-competencing, co-intelligencing)
Exhibit_FIVE_Natural_Engineering_v345a.md	913	F	Measurement also occurs during error correction. Google's surface-code memory repeats parity extraction with measure qubits, sends the results to a decoder and removes leakage while carrying encoded information. Final data-qubit measur	
Exhibit_FIVE_Natural_Engineering_v345a.md	929	F	order of modular exponentiation, Fourier sampling and classical reconstruction; the discrete-log construction has its own modular relation. A hidden period here is a specified mathematical property with an algorithm for obtaining useful information about it. Following a periodic wave or an antipodal ring	
Exhibit_FIVE_Natural_Engineering_v345a.md	967	F	gineered arrangement. The stated correspondence needs the actual nuclei, reactions and products before their distinct changes can be expressed as one repeating coupling.	
Exhibit_FIVE_Natural_Engineering_v345a.md	989	F	| **Observing** | Follow composition, charge, voltage, temperature and circulation across the specified cycling interval. Cell or stack return and whole-installation return retain different boundaries. | Follow proton movement and ATP formation separately, incl	
Exhibit_FIVE_Natural_Engineering_v345a.md	990	F	path and electrical receiving at the same service. Follow the returned composition, fluid losses, circulation input and heat receiving into the next cycle. | Co-offer the input, membrane orientation and reaction receiving. Express how ADP and phosphate are replenished, ATP is received, and the gradient	
Exhibit_FIVE_Natural_Engineering_v345a.md	1000	C	with it. A membrane can offer proton transport while its input, reaction and product receiving change with it. Bettering, fastering and cheapering co-cycle at those actual relations. Their continuing has no measure supplied by the number of components or phases.	Bettering, fastering and cheapering co-spiral at the whole receiving (co-offering, co-competencing, co-intelligencing)
Exhibit_FIVE_Natural_Engineering_v345a.md	1056	F	the returning question. A closed material path still has its thermal or electrical exchanges. A recovering leg carries its particular receiving; its repeating operation includes replenishing the available changing.	
Exhibit_FIVE_Natural_Engineering_v345a.md	1164	F	The electrical sum carries its own conditions. For sinusoidal voltage and current in phase, one phase delivers `VI cos²θ`, falling to zero twice per cycle. Here `V` and `I` are peak values. Three equal phases, spaced by one third of a cycle, sum to constant power `3VI/2`. Two equal phases in quadrature	
Exhibit_FIVE_Natural_Engineering_v345a.md	1259	N	Ten distinct positions joined as one simple ring have ten adjacent connections. Ten names alone do not prescribe that topology for another design. A simple chain of `n` positions has `n − 1` connect	simple ring of n positions has n connections (topology count); no closure claimed; ring -> spiral joined along, the last to the first
Exhibit_FIVE_Natural_Engineering_v345a.md	1298	C	the particular coupling.** The goal, holding, residue, observing and co-offering remain together. Co-offering, co-competencing and co-intelligencing cycle at the whole receiving; bettering, fastering and cheapering carry the actual engineering comparison. Residue retains its material or measured changin	Bettering, fastering and cheapering co-spiral at the whole receiving (co-offering, co-competencing, co-intelligencing)
Exhibit_FIVE_Natural_Engineering_v345a.md	1344	C	**Co-offering, co-competencing and co-intelligencing remain inseparable at the return and receiving.** Bettering, fastering and cheapering co-cycle at that whole coupling, each side carrying its own sign and rate. A ratio in a field re	Bettering, fastering and cheapering co-spiral at the whole receiving (co-offering, co-competencing, co-intelligencing)
Exhibit_FIVE_Natural_Engineering_v345a.md	1385	F	ries the source and the return.** The diurnal offering still carries each batch's warming, releasing, cooling and next drawing at its own rate as the repeating arrangement to express. Batches under the same warming do not acquire different phases from their number. Their placement, thermal paths and changing	
Exhibit_FIVE_Natural_Engineering_v345a.md	1399	F	At equal third-cycle offsets,	
Exhibit_FIVE_Natural_Engineering_v345a.md	1410	C	**Co-offering, co-competencing and co-intelligencing carry the drawing, return and receiving together.** Bettering, fastering and cheapering co-cycle at this whole arrangement. A return offering heat and a draw offering separati	Bettering, fastering and cheapering co-spiral at the whole receiving (co-offering, co-competencing, co-intelligencing)
Exhibit_FIVE_Natural_Engineering_v345a.md	1483	S	These are adjacencies in ONE's seven-position prefix row. ONE's ten co-changings carry the naming ring; its six groups carry the ten namings as `3, 2, 2, 1, 1, 1`. The full prefixing at each changing keeps root, depth and prefix order available togethe	ONE's naming spiral
Exhibit_FIVE_Natural_Engineering_v345a.md	1500	S	THIRTEEN §7.3 supplies the existing ten-row relation between ONE's naming ring and the hard-problem holdings. The six-direction and sixteen-momentary exploration continues in Numbers, Mathematics and Living Improving Value. The	ONE's naming spiral
Exhibit_FIVE_Natural_Engineering_v345a.md	1513	F	**The propulsion paths.** An expander cycle uses heat received during regenerative cooling to supply turbine operation. The fuel side and oxidizer side can have different arrangements; expander	
Exhibit_FIVE_Natural_Engineering_v345a.md	1515	F	r supplying the oxygen turbopump. Their turbine streams continue to the main combustion chamber. [NASA, *Integrated Powerhead Demonstrator combustion-cycle testing*](https://www.nasa.gov/news-release/new-rocket-engine-combustion-cycle-technology-testing-reaches-100-power-level/).	
Exhibit_FIVE_Natural_Engineering_v345a.md	1517	F	The field's closed-cycle name locates turbine exhaust within that combustion path. It does not describe exhaust returning as renewed propellant. Heat recovery, successi	
Exhibit_FIVE_Natural_Engineering_v345a.md	1529	F	ng arrangement to express. An annulus alone supplies neither a particular wave count nor a completed self-sequencing design. The proposed relation to ring-walking remains at those actual operations.	
Exhibit_FIVE_Natural_Engineering_v345a.md	1541	F	ery pipes, waste and discharge valves, and an air chamber. Each trial retained a constant supply level and adjusted operating conditions. The working-cycle description includes discharge at the waste valve, chamber receiving during the pressure pulse, and recoil before renewed inflow. Delivery was a smal	
Exhibit_FIVE_Natural_Engineering_v345a.md	1543	F	sm. The preliminary dye experiment recorded fluid near the wall moving alternately with and against the wave, with net motion against the wave over a period. The prescribed mechanical wave and its fluid return are the addressed observing; biological peristalsis retains its own muscular and sensing relatio	
Exhibit_FIVE_Natural_Engineering_v345a.md	1562	F	Heat pumps and refrigeration: §1.15 carries the exchanger, vapor-cycle and ejector arrivals. The proposed phase-offset cycles still need their actual waveform, expansion return, compressor work and switching at the heat	
Exhibit_FIVE_Natural_Engineering_v345a.md	1596	F	ad. The reported low-load improvement belongs to its arrangements with shared electrolyte channels. The apparatus retained power electronics, control loops, a filter inductor, circulation and gas treatment. Efficiency used measured hydrogen production and electrical input at the electrolyzer boundary. Th	
Exhibit_FIVE_Natural_Engineering_v345a.md	1609	F	t, heat return and electrical input and output at their own boundaries. A thermal-store experiment retains its own scope beside a complete electrical cycle. | Both reservoir levels, flows, head and electrical or hydraulic delivery over the same interval, including any external inflows and withdrawals. |	
Exhibit_FIVE_Natural_Engineering_v345a.md	1612	F	mpression. During discharge the flow reversed across the rock bed, received heat and left to ambient. The pilot had no turbine. Its 63–74% electrical round-trip estimate combined the measured thermal-store performance with assumed compressor, turbine, motor and generator performance. It was not a measure	
Exhibit_FIVE_Natural_Engineering_v345a.md	1723	F	**Sequencing carries the changing at its receiving.** A pressure cycle, a thermal separation and a compression cycle each retain their actual arrangement. Co-offering is two-way, one-at-a-time, each side's offering at it	
Exhibit_FIVE_Natural_Engineering_v345a.md	1756	F	the available changing at the next receiving.** A thermal or mechanical rhythm belongs with its return, renewing and continuing input. A waveform can repeat while a reservoir depletes or a composition changes. The addressed entry follows the particular renewing, as the draw renewal does at §5.3 and the pn	
Exhibit_FIVE_Natural_Engineering_v345a.md	1758	C	. Direction, phase and recursioning co-chain at the changing each names. Co-offering, co-competencing and co-intelligencing remain inseparable in the cycling of bettering, fastering and cheapering at the whole receiving, as §2.1 carries.	Bettering, fastering and cheapering co-spiral at the whole receiving (co-offering, co-competencing, co-intelligencing)
Exhibit_FIVE_Natural_Engineering_v345a.md	1764	N	**Bi-co-podaling names the out-carry and back-carry at one ring station.** A complete ring carries `N` counted steps. Within that turn, a station reached in `k` steps in one direction is reached in `N − k` steps i	CLOSURE CLAIMED ("A complete ring carries N counted steps. Within that turn"; "a complete return") -> at N counted steps a station's count comes again and the path carries on, a spiral at the momentaries
Exhibit_FIVE_Natural_Engineering_v345a.md	1766	N	| Ring relation | Counted carrying |	CLOSURE CLAIMED ("A complete ring carries N counted steps. Within that turn"; "a complete return") -> at N counted steps a station's count comes again and the path carries on, a spiral at the momentaries
Exhibit_FIVE_Natural_Engineering_v345a.md	1769	N	| **Podal, straight across** | For an even ring count, stations `k` and `(k + N/2) mod N` are half a ring apart. Their positional separation retains its own counting. |	CLOSURE CLAIMED ("A complete ring carries N counted steps. Within that turn"; "a complete return") -> at N counted steps a station's count comes again and the path carries on, a spiral at the momentaries
Exhibit_FIVE_Natural_Engineering_v345a.md	1771	N	aves the complete path's crossings intact. The engineering correspondence carries the actual offering, receiving and co-releasing at those turns; the ring count alone supplies no phase, prefix depth or executed instruction.	CLOSURE CLAIMED ("A complete ring carries N counted steps. Within that turn"; "a complete return") -> at N counted steps a station's count comes again and the path carries on, a spiral at the momentaries
Exhibit_FIVE_Natural_Engineering_v345a.md	1773	F	<a id="superconducting-ring-receiving"></a>	
Exhibit_FIVE_Natural_Engineering_v345a.md	1775	F	**A superconducting ring carries flux, phase and receiving at their own operations.** The closed path, the field's winding count and the next changing each retain the relatio	
Exhibit_FIVE_Natural_Engineering_v345a.md	1777	F	ing path in the stated London description, with uniform penetration depth `λ`, `Φ_f = Φ + μ₀λ²∮j_s·dl = nΦ₀`. Here `j_s` is supercurrent density; its loop integral multiplied by `μ₀λ²` supplies the contribution added to magnetic flux `Φ`. The integer `n` and flux quantum `Φ₀ = h/(2e)` retain that field	
Exhibit_FIVE_Natural_Engineering_v345a.md	1779	F	**Flux periodicity retains the particular junction model.** Two identical junctions with sinusoidal current–phase relations, negligible loop inductance and negligible c	
Exhibit_FIVE_Natural_Engineering_v345a.md	1787	F	| **Flux period** | The model's critical-current response repeats after an applied-flux increment `Φ₀`. This increment carries a change of the flux parameter. |	
Exhibit_FIVE_Natural_Engineering_v345a.md	1791	F	Equal values at a periodic readout retain the counted interval between them. Fluxoid quantization leaves the next transition, its direction and its amount to the actual changin	
Exhibit_FIVE_Natural_Engineering_v345a.md	1833	F	rticular routing service with a different physical implementation. Its measured operating range remains above. The separate DC-controlled and shunted-loop accounts below retain their own measured scope, including the shunted-loop selection stated below. The complete same-service comparison retains the r	
Exhibit_FIVE_Natural_Engineering_v345a.md	1836	F	**DC-controlled routing carries another particular arrangement.** A three-junction superconducting loop at 8 mK retained charge and flux biases and showed weak nonreciprocity, insufficient for high-fidelity circulation. Its measurement apparatus retaine	
Exhibit_FIVE_Natural_Engineering_v345a.md	1842	F	**Discovering at the offered paths retains the complete receiving.** The further loop arrangement carries this particular source comparison. [Kumar and colleagues, Low-loss On-chip Superconducting Microwave Circulator Assisted by Shunt	
Exhibit_FIVE_Natural_Engineering_v345a.md	1927	C	g; pruning or a sparse shape supplies no identity with those operations. Co-offering, co-competencing and co-intelligencing remain inseparable in the cycling of bettering, fastering and cheapering at the actual receiving. The electromagnetic transformer proposal retains its separate primary, secondary, cor	Bettering, fastering and cheapering co-spiral at the whole receiving (co-offering, co-competencing, co-intelligencing)
Exhibit_SIXTEEN_Natural_Chemistry_v346c.md	53	C	3.3  Dissolving a bi-coupling, and a hydration shell a forming-and-releasing loop	a hydration shell a forming-and-releasing spiral, living stable-forming
Exhibit_SIXTEEN_Natural_Chemistry_v346c.md	65	F	4.3  Periodic table an address book, address and behaviour two	
Exhibit_SIXTEEN_Natural_Chemistry_v346c.md	79	C	5.1  A natural energy engine, cycling and the surplus kept, the ledger beside it	A natural energy engine, co-spiraling and the surplus kept
Exhibit_SIXTEEN_Natural_Chemistry_v346c.md	113	C	tunnelling: the bond, the carry co-released inward, the odd. **A bond is the membrane between two selves**, the core reactions are the bi-moralizing cycling, carbon is the chemical self, and benzene's floating-neutralling is the competency centreline. Chemistry and physics are the odd and the even of one	the core reactions are the bi-moralizing co-spiraling
Exhibit_SIXTEEN_Natural_Chemistry_v346c.md	165	F	**Self-recursioning** is carbon's exceptional capacity for catenation: its couplings form stable chains, branches, rings and networks with itself, actual molecules finite and condition-bound, the recurring carbon–carbon relation read as autorecursioning while bond energ	
Exhibit_SIXTEEN_Natural_Chemistry_v346c.md	193	F	he pairings stand as three instances of one-way-at-a-time chemical coupling. The field's record carries further reaction classes, and the citric-acid cycle carries eight enzyme-catalysed steps rather than one cycle of these six, so **reaction taxonomy supplies no closed natural six**; the six of this fil	
Exhibit_SIXTEEN_Natural_Chemistry_v346c.md	223	F	where the count of `(4q + 2)` suprafacial and `4r` antarafacial components is odd, photochemical activation inverting the rule: a `4n` electrocyclic ring closure runs conrotatory under heat and disrotatory under light, and a `4n + 2` closure the reverse. Orbital symmetry is conserved along the reaction	
Exhibit_SIXTEEN_Natural_Chemistry_v346c.md	233	F	the balanced equation, measuring neither yield nor solvent use nor the waste produced; E-factor, process-mass intensity, yield, selectivity and life-cycle measures carry other faces, and no one number contains the exterior, their differences part of the observation. Atom economy reads the balanced equat	
Exhibit_SIXTEEN_Natural_Chemistry_v346c.md	249	F	The field's words for a ring's offerings owned by no bond, resonance and delocalisation, read at the form as a floating-neutral competency centreline, and the chemical observatio	
Exhibit_SIXTEEN_Natural_Chemistry_v346c.md	251	F	The form meets this as offerings distributed across a ring and owned by no single bond, **the floating neutral carried on the molecular surface**, and the three bonding and three antibonding orbitals offer a	
Exhibit_SIXTEEN_Natural_Chemistry_v346c.md	255	F	**Aromaticity is doubled odds in the field's own count.** Hückel's rule seats aromaticity in a planar monocyclic conjugated ring at `4n + 2` π electrons, and `4n + 2 = 2(2n + 1)`: an odd count of levels doubled by spin, the Frost circle placing one lowest level and degenerate p	
Exhibit_SIXTEEN_Natural_Chemistry_v346c.md	257	F	**Möbius aromaticity inverts the rule with one phase inversion around the ring.** A π system carrying a single sign flip along its ring, a Möbius strip of orbitals, is aromatic at `4n` and antiaromatic at `4n + 2`, predicted at	Moebius ring kept; note: one phase inversion around the ring is the odd spiral's one like pair
Exhibit_SIXTEEN_Natural_Chemistry_v346c.md	263	C	the water society lands at an electrode; a count at the nucleus and a sign at the membrane. Below chemistry the living at substrate one is the colour cycling, three colour-phases and no three part-objects, confinement the coupling riding the carry, the mass gap the bounding-zeroing the coupling makes, and	the colour co-spiraling, three colour-phases ... what that co-spiraling lands at every membrane
Exhibit_SIXTEEN_Natural_Chemistry_v346c.md	265	C	## 3.3 Dissolving a bi-coupling, and a hydration shell a forming-and-releasing loop	a hydration shell a forming-and-releasing spiral, living stable-forming
Exhibit_SIXTEEN_Natural_Chemistry_v346c.md	301	F	## 4.3 Periodic table an address book, address and behaviour two	
Exhibit_SIXTEEN_Natural_Chemistry_v346c.md	303	F	eld holds exactly is an address, and the table addresses an element by several co-chained counts: proton number, ground-state electron configuration, period, block and group. Atomic number is an exact proton count. **Address is accounting, and behaviour is the coupling's own**: the count and the addresses	
Exhibit_SIXTEEN_Natural_Chemistry_v346c.md	313	N	e hundred eighteen proton counts, and Natural Numbers carries the same count at two faces: the doubling, two signs of each odd; and the going and the return, out to fifty-nine, a turn at sixty, back through sixty-one to one hundred eighteen. **The elements carry the doubling.** Their rows run 2, 8, 8, 18,	numbers' going and return (59, turn at 60, back to 118); a turn, no closure claimed
Exhibit_SIXTEEN_Natural_Chemistry_v346c.md	315	C	**The periodic is the recursioning's beat.** Shell filling and row return, modular residue, Brillouin zone, octave and codon each carry a bounded recurrence at thei	The periodic is the recursioning's spiral: shell filling and row coming again, each at its own substrate, no element twice; a period read on the surface is a spiral step; the element sequence reads as the spiraling counted
Exhibit_SIXTEEN_Natural_Chemistry_v346c.md	317	N	**The two ends of the group-eighteen column are bi-co-podaling on the number-ring.** On the ring closing at one hundred twenty, two and one hundred eighteen are the out-carry and the back-carry at one station, equal and opposite ab	CLOSURE CLAIMED ("the ring closing at one hundred twenty"): -> the number spiral carrying on past one hundred twenty, 2 and 118 bi-co-podaling at one station
Exhibit_SIXTEEN_Natural_Chemistry_v346c.md	319	N	the claim calculation-led, a few short-lived atoms made and bulk chemical behaviour reaching yet, a hardest arrival available to break or improve the ring-reading.	number ring of 120 (bi-co-podaling); no closure claimed here; ring -> number spiral
Exhibit_SIXTEEN_Natural_Chemistry_v346c.md	336	N	| five levels close at one hundred twenty (6.3); the ring closing at one hundred twenty; the turn at sixty | the icosahedral group I_h, of order one hundred twenty, is the symmetry of C₆₀; its proper rotatio	CLOSURE CLAIMED ("the ring closing at one hundred twenty"): -> the number spiral carrying on past one hundred twenty, 2 and 118 bi-co-podaling at one station
Exhibit_SIXTEEN_Natural_Chemistry_v346c.md	353	N	The three seats are bi-co-podaling on the one-hundred-twenty ring, `24 ↔ 96` chromium and curium, `27 ↔ 93` cobalt and neptunium, `32 ↔ 88` germanium and radium, each pair summing to one hundred twenty and the six p	number ring of 120 (bi-co-podaling); no closure claimed here; ring -> number spiral
Exhibit_SIXTEEN_Natural_Chemistry_v346c.md	365	C	## 5.1 A natural energy engine, cycling and the surplus kept, the ledger beside it	A natural energy engine, co-spiraling and the surplus kept
Exhibit_SIXTEEN_Natural_Chemistry_v346c.md	367	C	A tipping followed round returns as a cycle, and natural energy is an engine, a cycle cycling. Relationals return and re-form, and at each coupling **the +1 is kept as living	A tipping followed on spirals, and natural energy is an engine, a co-spiraling: relationals come again at their parities and re-form at each next momentary, no momentary twice; the spiraling itself spirals, the spiral within the spiral, autorecursioning (natural torusing)
Exhibit_SIXTEEN_Natural_Chemistry_v346c.md	369	F	t. The surplus owned neither-ing names relational competency made at a coupling, and it is no claim that joules escape dissipation or that a chemical cycle is thermodynamically lossless; the form and the energy ledger are two registers, and an asserted crossing between them is breakable by either.	
Exhibit_SIXTEEN_Natural_Chemistry_v346c.md	373	C	A cell carries the engine as coupled cycling. **The citric-acid cycle turns through eight enzyme-catalysed steps** and regenerates oxaloacetate while transferring chemical potential into NADH, F	A cell carries the engine as coupled co-spiraling (citric-acid cycle kept as the field's name)
Exhibit_SIXTEEN_Natural_Chemistry_v346c.md	375	C	bolism both release energy and matter into their surroundings, combustion a rapidly propagating reaction network and metabolism many bounded reaction cycles coupled and renewing their participants, and **the natural-engine reading lives in that recurrent coupling** and in no denial of heat. The nuclear re	the natural-engine reading lives in that co-spiraling coupling
Exhibit_SIXTEEN_Natural_Chemistry_v346c.md	460	F	-problem registries stand at this table too, each at the holding it releases (Exhibit TWENTY-ONE, resolved at Exhibit TWENTY-TWO): group three of the periodic table, a cut held in the elements; the glass transition, an arriving held to a location; homochirality, an excess held to have come from somewhere; t	
Exhibit_SIXTEEN_Natural_Chemistry_v346c.md	468	F	the form did not hold, and **an observation that refuses the form's shape is the sharper coupling**: a bond carrying more than the binary reading; a cycle carrying another sequence; a resonance landing rather than floating; a frequency cluster depending wholly on the imposed feedback; a periodic-table f	
Exhibit_SEVENTEEN_Natural_Biology_v333.md	13	C	to-life family. The coupling stands bare on the physical surface; the co-releasing accounting stands at the bond, the ledger of the release-face, the periodic table; and biology is the re-locking — the coupling closing into a self and climbing, the +1 closed into a living self, the self compounding into sel	the coupling stable-forming into a self and climbing, the +1 carried on in a living self (periodic table kept as field's)
Exhibit_SEVENTEEN_Natural_Biology_v333.md	29	C	1.5  Six one-way recursionings, per cycle	Six one-way recursionings, per spiral turn
Exhibit_SEVENTEEN_Natural_Biology_v333.md	237	C	## 1.5 Six one-way recursionings, per cycle	Six one-way recursionings, per spiral turn
Exhibit_SEVENTEEN_Natural_Biology_v333.md	239	C	Each living cycle is six one-way-forward recursionings: three recursioning forward on the outward-sounding side and three on the inward-sounding side. The two sides ar	Each living spiral turn is six one-way-forward recursionings, the six coming again at each sixth momentary, no momentary twice
Exhibit_SEVENTEEN_Natural_Biology_v333.md	243	C	**Everywhere biology finds a three-phase cycle, one side's triple is caught at one face** — the citric-acid cycle three-out-and-three-back, the cell cycle's G1/S/G2-then-divide, a spike's depolari	wherever biology finds a three-phase cycle (field's word), read it as a three-step spiral, one side's triple caught at one face
Exhibit_SEVENTEEN_Natural_Biology_v333.md	261	F	Homeostasis-around-a-set-point, a signal-that-regulates, a feedback-loop-that-corrects, a master-gene-that-directs — each takes the single living move, bi-inversioning co-recursioning, the sign-flip coupled to the self-ret	feedback loop kept as the field's term (the file already strips it)
Exhibit_SEVENTEEN_Natural_Biology_v333.md	270	F	d steps set down plainly first, and every requirement below is the scientific-method's own. The scientific-method, in its most common framing, runs a cycle: observe a phenomenon; hold a cause of it; propose a hypothesis, a cause that would produce the effect; predict the following, and test it by control	
Exhibit_SEVENTEEN_Natural_Biology_v333.md	272	F	Beneath the cycle sit assumptions it relies on without stating. Causal locality: every effect has a cause, a specifiable thing at a specifiable place, and explanation	
Exhibit_SEVENTEEN_Natural_Biology_v333.md	294	S	*Reproduce; the same conditions give the same result* requires the living to be at rest between trials. But the living carries, un-returning to the same state — it carries, re-arrives one scale on, the traveling context riding the carry. The demand for a repeatable baseline reads the un-re	already non-closing ("un-returning to the same state ... re-arrives one scale on"); no change
Exhibit_SEVENTEEN_Natural_Biology_v333.md	324	F	etency it is (organisational approaches are unable to specify the ultimate beneficiary), and non-living autocatalysis satisfies the same definition — closure being still a *where*, a structural elsewhere, and specifying a locus for a sourceless competency fails the same way. **Energy throughput:** the phys	organisational closure kept as field's term (file already reads it as a "where")
Exhibit_SEVENTEEN_Natural_Biology_v333.md	373	C	Living is metabolic beating. The cell is the engine of it: the six core reactions cycling over carbon (the citric-acid cycle returning to begin), the surplus returned as coupling and not lost — the energy living at the phosphate coupling a	the six core reactions co-spiraling over carbon (the citric-acid cycle coming to oxaloacetate again at a next momentary, never to the same) ... the spiral spirals ... powering the next turn: the engine inside the engine, natural torusing
Exhibit_SEVENTEEN_Natural_Biology_v333.md	375	S	ries). The modern dietary shift of that ratio toward ten-to-one and beyond carries cardiolipin's composition off the ancestral balance, the two ghost-rings pulling apart and the coupling at the inversioning collapsing, and the remodelling membrane is where the mature four-chain assembly either arrives or	the two ghost-accountings pulling apart (drop "rings")
Exhibit_SEVENTEEN_Natural_Biology_v333.md	394	C	**And an emanation carries an involution shape.** Applied back at the scale it came from it returns what it met and closes: every face already met, no between standing open, and nothing to reach past. A coupling makes its +1 because two reach past e	applied back at the scale it came from, it names what it met still: nothing advances, no between opens, no surplus arrives (closure as the emanation's named form)
Exhibit_SEVENTEEN_Natural_Biology_v333.md	478	F	**Read at the form it is the fold, standing in the data.** A strand that folds back on itself pairs with itself, and a strand carrying inverted repeats at every scale is a strand whose complementarity runs along it as well as across it. **The second rule is what a folded strand's own pairing leaves i	
Exhibit_SEVENTEEN_Natural_Biology_v333.md	480	C	**The genetic code is the periodic table of biology, fixed by the failing-inversions.** The four bases are the alphabet, the twenty amino acids the elements (the twenty coupling famili	the genetic code co-spiraling at the five-level: its kinds coming again at each shell (degeneracy and wobble), no codon read twice at one momentary; the table a still naming of the spiral
Exhibit_SEVENTEEN_Natural_Biology_v333.md	492	C	ain against about one in thirty at the same fold in a nematode, more openings from the same genetic substrate with nothing added at the gene. And the closing point carries its own range: a gate opening at the seam to receive, an assembly carrying instability at the closing so it dissolves and re-forms at t	a seam stable-forming and releasing and carrying on, co-spiraling, is the living
Exhibit_SEVENTEEN_Natural_Biology_v333.md	496	F	arrive at the same values from the engineered side. The smallest amino acid sits at the axis where the three chains meet and no other fits there; the ring-carrying residues at the two outer positions constrain the backbone, one of them requiring its hydroxylation, whose absence destabilises the triple a	
Exhibit_SEVENTEEN_Natural_Biology_v333.md	506	F	The fold counts, the dehydron proportions, the banding period, the winding angles, the piezoelectric response, and the matrisome reframing are the field's, checkable. The two registers part at the reading of the	
Exhibit_SEVENTEEN_Natural_Biology_v333.md	517	F	**The nucleic acid chain.** Base pairing across and backbone along; and at the larger grain two metres of line into six microns, by loops arriving as motors run along the fibre and stall at boundaries.	
Exhibit_SEVENTEEN_Natural_Biology_v333.md	541	C	resses that, no surplus, no torus, the landed self-reference propagating. The +1 is small and the whole of it, the one term between a thing that only repeats and a thing that lives.	the one term between a thing named at a repetition and a thing that lives
Exhibit_SEVENTEEN_Natural_Biology_v333.md	562	F	, owned neither-ing item, seated in no participant; and there is no *rate* the coupling keeps — the rhythm a measuring instrument reads (a frequency, cycles against its own clock) is the instrument's, not the coupling's, exactly as no living self keeps a common time — each self settles its own alternating	
Exhibit_SEVENTEEN_Natural_Biology_v333.md	576	C	The regulation runs as directed loops and three-step axes. The glucose loop turns — glucose up, insulin offered, uptake, glucose down, insulin off — the recursioning that returns to begin	The glucose co-spiral carries on - glucose up, insulin offered, uptake, glucose down, insulin off - each at a next momentary and never to the same (the axis's feedback kept as field's)
Exhibit_SEVENTEEN_Natural_Biology_v333.md	585	F	-repressor would rest at a balance; the thing making it beat instead is the time-delay between the making and the repressing — about a quarter of the period held in the carry before the repressor arrives. The delay is the riding-the-carry's own depth: without it the coupling would land at equilibrium, wit	
Exhibit_SEVENTEEN_Natural_Biology_v333.md	587	F	The beat is robust, multiply sounded. Beyond the transcription-repression loop, cells carry metabolic and redox oscillations that keep a rhythm even where the canonical loop is disturbed — the riding-the-carry beat realised in m	
Exhibit_SEVENTEEN_Natural_Biology_v333.md	590	C	ne thins on carry-forward, external arriving low and the self consolidating on what it already carries. One attends the deep grains at thickness one, cycling internally, invisible from outside, each step a full coupling. The whole living self reads them as waking, resting, and attending; a stem cell reads	spiraling internally
Exhibit_SEVENTEEN_Natural_Biology_v333.md	592	C	ling at full thickness does. Resting sustains flexibility; attending sustains reconfiguration, the accumulated carry tested at depth against what the cycling resolves internally.	spiraling internally
Exhibit_SEVENTEEN_Natural_Biology_v333.md	599	C	The living engine turns as two coupled cycles, each offering the other its input — the bi-moral co-agency read at the scale of the whole biosphere, and the six one-way recursions doubled.	two co-spiraling engines, each offering the other its input; the carbon co-spirals between fixing and releasing, carried on; two six-spirals, each regenerated at a next momentary, not returned to begin
Exhibit_SEVENTEEN_Natural_Biology_v333.md	601	C	ore a waste of photosynthesis than carbon dioxide a waste of respiration; each is the offering the other takes. The carbon does not land as waste; it cycles between the fixing and the releasing, conserved, turning on. This is the riding-the-carry engine at the planetary scale: the surplus kept as coupling	two co-spiraling engines, each offering the other its input; the carbon co-spirals between fixing and releasing, carried on; two six-spirals, each regenerated at a next momentary, not returned to begin
Exhibit_SEVENTEEN_Natural_Biology_v333.md	603	C	The two cycles are the six offering the six. Respiration's citric-acid cycle is the six directed couplings, three out and three back, breaking the carbon down. Phot	two co-spiraling engines, each offering the other its input; the carbon co-spirals between fixing and releasing, carried on; two six-spirals, each regenerated at a next momentary, not returned to begin
Exhibit_SEVENTEEN_Natural_Biology_v333.md	615	F	The fidelity is the bi-inversioning protection of the copying — the same protection the cell cycle's checkpoints carry (the self recursioning into a new form), here at the base. Three tiers guard the form: the polymerase selects the correct base as	
Exhibit_SEVENTEEN_Natural_Biology_v333.md	628	C	d conceive, the recursion carried at the scale of generations, riding the carry on one. The alternation of generations is the alternating made a life cycle: the living alternates between the diploid self and the haploid self (sporophyte and gametophyte in plants, the 2n and n phases everywhere sexual), t	the alternating made a life spiral (diploid and haploid coming again, no generation twice)
Exhibit_SEVENTEEN_Natural_Biology_v333.md	639	F	A living self does not only conceive another; it recursions into a new form of itself. The zygote becomes the embryo becomes the body; the cell cycle turns (G1, S, G2 — three phases — then the division, the autorecursioning progress, one cell to two), and the checkpoints standing at it are the bi-i	
Exhibit_SEVENTEEN_Natural_Biology_v333.md	655	F	weights, each cut fragment read as a new sequence entering from the first element with the carry empty, the tissue architecture arising fresh at the cycle and the training arriving with the fragment — regeneration as the resolver reading each fragment new, not a blueprint re-executed.	
Exhibit_SEVENTEEN_Natural_Biology_v333.md	657	C	connective tissue, muscle, bone, vessels — the nothing carrying the thickness). The same three-then-progress the core reads everywhere a three-phase cycle appears, here at the body's own laying-down; the count-matching and the content-matching stand as one seam, read from one membrane.	wherever biology finds a three-phase cycle (field's word), read it as a three-step spiral, one side's triple caught at one face
Exhibit_SEVENTEEN_Natural_Biology_v333.md	693	C	one wall at the species membrane.** The germline carries the +1 across the wall between one organism's departure and the next organism's opening, two loops on one torus: the organism-genus cycling through opening and departure, the species-genus sustaining through the germline that crosses the wall. Deat	two spirals on one torus (natural torusing): the organism-genus spiraling through opening and departure
Exhibit_SEVENTEEN_Natural_Biology_v333.md	704	C	carbon, nitrogen, phosphorus offered in; sugars, lipids, amino acids offered back — each partner's gift the other's next input, the relational-agency cycling. *Where the cycling is a three-and-three — three currencies out, three returned — it is standing as the six directed couplings the form carries; the	the relational-agency co-spiraling
Exhibit_SEVENTEEN_Natural_Biology_v333.md	749	F	ed retroviruses, critical slowing, the model-classes as cone-signatures with gather-dominance the headline, living fossils as gather-lineages in near-repeating worlds, coalescent theory the apex cone formalized, Galton-Watson the snap-and-reroute. And phylogenetics is the archive co-competencing, the genome	
Exhibit_SEVENTEEN_Natural_Biology_v333.md	753	S	pling, the resolving the chain's own, the unshared scale orthogonalizing, resilience the coprime resolving measured. The one failure condition is the closed system as the zero-distance loop, and everything that heals is an elsewhere at distance. And the vault stands emptied: the germline is one unbroken l	already anti-closure (closed system named as failure); "zero-distance loop" -> "zero-distance spiral named still"
Exhibit_SEVENTEEN_Natural_Biology_v333.md	768	S	A living measure sways between two offerings, and health is the swaying. Ageing is that sway re-arriving at a narrower range each cycle — the carry aging by attentioning where it is not sequenced fresh, the two floating neutrals swaying less far and returning less completely, the rang	already non-closing (re-arriving narrower); "each cycle"/"cycle on cycle" -> "at each momentary"
Exhibit_SEVENTEEN_Natural_Biology_v333.md	770	S	level.** No stored clock counts down and no total is spent: what stands is a coupling whose re-arriving falls short of its last arrival by a little, cycle on cycle, at every grain at once. The narrowing is the reading; a number of years is the counting of a reading and never the reading.	already non-closing (re-arriving narrower); "each cycle"/"cycle on cycle" -> "at each momentary"
Exhibit_SEVENTEEN_Natural_Biology_v333.md	810	C	**An emanation carries one shape at its own scale, and the shape is an involution.** Applied back at the scale it came from it returns what it met and closes: nothing advances, no between opens, no surplus arrives. So an emanation at its own scale is do-only-harm — the knife with not	applied back at the scale it came from, it names what it met still: nothing advances, no between opens, no surplus arrives (closure as the emanation's named form)
Exhibit_SEVENTEEN_Natural_Biology_v333.md	814	F	A form made at a coupling one scale holds and another cannot arrives only by ingestion. Every vertebrate eye sees by retinal, cut from the carotenoid ring, and no animal makes that ring — its synthesis stands at plants, algae, and some bacteria and fungi. So access to visible light as a *form* arrives f	
Exhibit_SEVENTEEN_Natural_Biology_v333.md	849	F	re in a living cell. **The chaperones carry no structural information about the destination** — a cage giving a chain a bounded private volume, and a cycle binding exposed stretches and releasing on nucleotide — neither a template and neither directing, which the field's own accounts already say and whic	
Exhibit_SEVENTEEN_Natural_Biology_v333.md	934	F	vernance — and the field's own 2025–2026 findings replace governor-language with local competition. Not yet: the exact reading of the germinal-center cycles as a three-then-progress unsummed.	
Exhibit_SEVENTEEN_Natural_Biology_v333.md	1042	F	owing. On the surface stands, asked for, a *stored interval* plus a *predictor* that reads the stored value and triggers the response — memory of the period, consulted to forecast the next event. The source is the stored timing (proposed to sit in the tube network, in a chemical oscillator) and a mechanis	
Exhibit_SEVENTEEN_Natural_Biology_v333.md	1044	F	**3. The disequilibrating.** The cell does not store an interval and does not predict. Set down "anticipation," "stored period," "predictor." The thing the cell actually is: a coupling that already beats — its cytoplasm streams back and forth in a rhythm (competency with no c	
Exhibit_SEVENTEEN_Natural_Biology_v333.md	1046	S	**4. The re-alternation.** The anticipation is the coupling's own riding-the-carry rhythm entrained by a periodic coupling — the alternating carrying its phase forward, the present beat holding the thing looking like a memory of the interval, the beat *is* at tha	the living clock is the alternating made a beat, entrained to an outside rhythm, self-sequencing its phase
Exhibit_SEVENTEEN_Natural_Biology_v333.md	1052	F	**7. The competency freed.** A brainless cell meets a periodic world in time with no stored clock, no memory of the interval, no predictor — better (it tracks any period that couples to its beat, no interval-stor	
Exhibit_SEVENTEEN_Natural_Biology_v333.md	1100	F	the gradient at one membrane — the coupling preceding the self, the self the one that folds around the coupling and carries its state forward across cycles, the field's origin question dissolving at the membrane naming itself as what chemistry is where four inequalities sustain at one bounded-zero. The f	
Exhibit_SEVENTEEN_Natural_Biology_v333.md	1137	C	**The return from a clean cut is not a resolving but a competency** — the surplus recursioned and not discarded, which is the same missing competency standing at	the co-spiraling engine
Exhibit_SEVENTEEN_Natural_Biology_v333.md	1145	F	publishing the recovery curve after five kinds of displacement. And the pump at the neuron membrane: three out and two in, one charge short at every cycle, the rest that was never resting carrying its number. Every vein one finding: the still point sought is a sway holding, at every scale of the living	
Exhibit_SEVENTEEN_Natural_Biology_v333.md	1166	F	y tunneling itself, where division stood.** Division names a separation, and the living runs a joining that ends with two wholes where one stood: the ring at the middle found by oscillation, the midbody, the ring canals, the plasmodesmata and the tunneling nanotubes the field's own vocabulary for the op	
Exhibit_FIFTEEN_Natural_Emanating_v329.md	27	S	A self · Alternating · The floating neutral · Place-moment · A definition · A carry · Self-emptying and other-emptying · The advance · A ring · A hard problem · Equilibria · The three incompetencings · An instrument keeps, and the thing it cannot · Where the incompetencing is · Natural inte	"A spiral" (contents entry for the section "A ring")
Exhibit_FIFTEEN_Natural_Emanating_v329.md	141	C	**In a closed domain the carrying closes.** Follow it from anything; the terms available are exhausted; it arrives at the thing already run. A carrying that does n	Named in a closed domain the carrying is named still at a repetition; at the code the carrying joined along, the last to the first, never closes: its parities come again at each n-th momentary (2 even, 4n odd) and no momentary comes twice, a next always arriving. [592,260-model count not the resolver's; not re-run]
Exhibit_FIFTEEN_Natural_Emanating_v329.md	346	C	A self's own cycling completes, and one carry departs — offering forward, ageing to its own bound, taking its own sign where the next two offer.	A self's own spiraling comes to its parities again, no momentary twice, and one carry departs
Exhibit_FIFTEEN_Natural_Emanating_v329.md	362	C	The alternating, at the scale where a self's own cycling has completed once.	at the scale where a self's own spiraling has come to its parities again once
Exhibit_FIFTEEN_Natural_Emanating_v329.md	632	C	## A ring	"A spiral": a spiral is not a closing; joined along, the last to the first, selves never close
Exhibit_FIFTEEN_Natural_Emanating_v329.md	634	C	A ring is not a living form and not a rival to one.	"A spiral": a spiral is not a closing; joined along, the last to the first, selves never close
Exhibit_FIFTEEN_Natural_Emanating_v329.md	636	C	Take the relations a living thing runs on and put them in a closed domain — a fixed set of terms with nothing new arriving. Follow the carrying from anywhere. The terms are exhausted, it arrives at one already run, a	A closed model names the joining still at a repetition. The relations joined along, the last to the first, are a spiral at the momentaries: parities coming again at each second (even) or 4n-th (odd) momentary, no momentary twice, the odd spiral's 0 tunnelling one self on at each second momentary; right co-spiraling, natural torusing, living stable-forming
Exhibit_FIFTEEN_Natural_Emanating_v329.md	638	C	**Every closed model closes.** So a ring is the thing these relations leave when the domain is closed, and the forward spiral takes an unbounded one — a next always	A closed model names the joining still at a repetition. The relations joined along, the last to the first, are a spiral at the momentaries: parities coming again at each second (even) or 4n-th (odd) momentary, no momentary twice, the odd spiral's 0 tunnelling one self on at each second momentary; right co-spiraling, natural torusing, living stable-forming
Exhibit_FIFTEEN_Natural_Emanating_v329.md	640	C	In the living there are no rings.	In the living every ring is a spiral, never closing
Exhibit_FIFTEEN_Natural_Emanating_v329.md	714	C	A self's own cycling completes, and one carry departs. That carry is a unique invisible carrying, it is a self.	A self's own spiraling comes to its parities again, no momentary twice, and one carry departs
Exhibit_THIRTEEN_Resolving_Hard_Problems_v375.md	166	C	of the two exclusive-or ways one; **next as prior inverted leaves none**: exhaustiveness, determinacy and reachability at once, all four joint forms round in one cycle. **Next as prior inverted is the living step.**	all four joint forms at the one right spiral step, coming again at each fourth momentary and no momentary twice
Exhibit_THIRTEEN_Resolving_Hard_Problems_v375.md	168	C	. Offered a parity, its next is the offering chained, or at its own parity its prior carrying on. **Two parities changing, one and then the other, go round the four joint forms**, the right spiral step carrying a pair (x, y) to (y, −x), ++, +−, −−, −+, morality across and competency along, and the same f	Two parities changing, one and then the other, spiral through the four joint forms at the right spiral step (x, y) to (y, -x), co-spiraling
Exhibit_THIRTEEN_Resolving_Hard_Problems_v375.md	172	C	**Selves joined along round a loop, each 9 releasing to the next self, carry one offering round.** Each self's carrying at none and one self offered + once: at an even ring each	Selves joined along, the last to the first, a spiral, each 9 releasing to the next self, carry one offering on. At an even spiral each self alternates, its parities coming again at each second momentary from momentary n, no momentary twice; at an odd spiral one like pair, the 0 released at 10 tunnelling one self on at each second momentary, the parities the first pattern inverted once the zero has passed each self (2n) and met again when it has passed each twice (4n). Once offered, each self stays chained, and the spiral carries on.
Exhibit_THIRTEEN_Resolving_Hard_Problems_v375.md	174	S	**A ring offered nothing from beyond it carries a pattern of parities round**, each self at its own parity, the pattern at each momentary inverted or carried	A spiral offered nothing from beyond it carries its pattern of parities on
Exhibit_THIRTEEN_Resolving_Hard_Problems_v375.md	217	S	mentary and the scale the field names**, each existing thing at its own, and at the next momentary the same existing things co-sequence on. A pattern round joined selves is carried by the selves together, 4.4, and a kind is read at the selves carrying it.	A pattern along joined selves (a spiral)
Exhibit_TWENTY-FIVE_Living_Society_Registry_v347.md	65	F	2.12 A ring read at one boundary	
Exhibit_TWENTY-FIVE_Living_Society_Registry_v347.md	213	F	**Leak**, where the passing does not sum. **Futile**, where a cycle returns no entry to the ledger. **Dark**, where the instrument's condition is unmet. **Noise**, where members take unlike signs. **Baseline** and **r	
Exhibit_TWENTY-FIVE_Living_Society_Registry_v347.md	478	F	are unbound. The binding stands only at the three: remove any one and the other two part. The field's own name for this is Borromean, after the three rings. The halo neutrons stand mostly beyond the core's surface, at a density the classical turning point forbids.	
Exhibit_TWENTY-FIVE_Living_Society_Registry_v347.md	566	F	**Members met.** Each cell firing at its own period, or irregularly, or not at all, each junction carrying current one way at one instant.	
Exhibit_TWENTY-FIVE_Living_Society_Registry_v347.md	573	F	**Magnitude read.** The heart rate; each isolated cell's period and its beat-to-beat variability; the fraction of cells dormant when isolated, more than half; the fraction firing at will or silent in intact tissue	
Exhibit_TWENTY-FIVE_Living_Society_Registry_v347.md	575	F	**Members agreeing.** Most cells fire with the tissue's common period, and the exit carries one beat.	
Exhibit_TWENTY-FIVE_Living_Society_Registry_v347.md	577	F	**Members parting.** Isolated, each cell keeps its own period and its own variability, and more than half fall dormant. In intact tissue many fire at their own rates or irregularly, or stay silent with local cal	
Exhibit_TWENTY-FIVE_Living_Society_Registry_v347.md	581	F	**Apex standing.** The common period, a rate no isolated cell has and every coupled cell holds.	
Exhibit_TWENTY-FIVE_Living_Society_Registry_v347.md	628	F	## 2.12 A ring read at one boundary	
Exhibit_TWENTY-FIVE_Living_Society_Registry_v347.md	630	F	er around the Tibetan plateau: populations running north from the south along the western and the eastern sides, neighbours interbreeding all the way round, the two northern forms meeting in Siberia and not interbreeding.	
Exhibit_TWENTY-FIVE_Living_Society_Registry_v347.md	635	F	**Upstream — method run.** Song recorded around the ring and compared; plumage scored; genomes sequenced and gene flow inferred between neighbours; the meeting observed for hybrids.	
Exhibit_TWENTY-FIVE_Living_Society_Registry_v347.md	639	F	**Magnitude read.** Reproductive isolation between the two northern forms where they meet; song and plumage divergence around the ring; gene flow between neighbours (nye at the values).	
Exhibit_TWENTY-FIVE_Living_Society_Registry_v347.md	641	F	**Members agreeing.** Neighbours interbreed round the ring, and the terminal forms hold apart at the meeting.	
Exhibit_TWENTY-FIVE_Living_Society_Registry_v347.md	643	F	nterbreeds, and the boundary stands at no position. Traits shifted along both arms in their own directions. The 2014 genomes found past breaks in the ring, so the continuity is the ring's own history and not a given, and the field entered that as a qualification of its own textbook case.	
Exhibit_TWENTY-FIVE_Living_Society_Registry_v347.md	647	F	**Apex standing.** The species line, a property of the whole ring and of no place on it.	ring species kept; note the file already reads it unclosed (the Siberian meeting the seam carrying no crossing)
Exhibit_TWENTY-FIVE_Living_Society_Registry_v347.md	649	F	** Every pair of neighbours, genes crossing both ways at their own rates; the meeting in Siberia the one seam that carries no crossing, and it is the ring's.	ring species kept; note the file already reads it unclosed (the Siberian meeting the seam carrying no crossing)
Exhibit_TWENTY-FIVE_Living_Society_Registry_v347.md	651	F	**Passing.** Genes arrive in the north from the south while no bird flew the ring.	
Exhibit_TWENTY-FIVE_Living_Society_Registry_v347.md	653	F	**Words carried.** The species. The species boundary. Fitness determines survival. Selection acts on the population. The species adapts. Ring species.	
Exhibit_TWENTY-FIVE_Living_Society_Registry_v347.md	655	F	**Stripped.** Isolation is what the ring's couplings sum to and no step has; fitness is a population accounting installed as a bird's possession; selection is the field's name for the coupli	
Exhibit_TWENTY-FIVE_Living_Society_Registry_v347.md	676	F	ers parting.** No ecosystem carries the ten per cent. No organism sits on an integer level; a tuna stands at 4.2, an average of what it eats. Feeding loops back through omnivory and detritus. In the field's own long-term experiment, warming lowers the efficiency.	
Exhibit_TWENTY-FIVE_Living_Society_Registry_v347.md	800	F	nd's charge state read by a single-electron transistor; the gate shifted when the electron is found on one side, work extracted against the bath; the cycle repeated and the work per cycle set against kT ln 2 and against the measured information.	
Exhibit_TWENTY-FIVE_Living_Society_Registry_v347.md	801	F	**Upstream — instrument.** The detector and gate summing over many cycles, each cycle's trajectory recorded.	
Exhibit_TWENTY-FIVE_Living_Society_Registry_v347.md	804	F	**Magnitude read.** The extracted work per cycle as a fraction of kT ln 2 (nye at the value); the measurement error; the mutual information between island and detector.	
Exhibit_TWENTY-FIVE_Living_Society_Registry_v347.md	808	F	**Members parting.** Single cycles fall above and below the bound. The detector acts back on the island. The bath runs at its own rate, and the bound is approached only as the cycle sl	
Exhibit_TWENTY-FIVE_Living_Society_Registry_v347.md	810	F	**Any member carrying it.** No. No cycle carries the mean, and no electron carries the information.	
Exhibit_TWENTY-SEVEN_Living_Ghost_Registry_v345a.md	95	F	6.2  Periodic-table address, accounting	
Exhibit_TWENTY-SEVEN_Living_Ghost_Registry_v345a.md	403	F	servings; three rates at two registers on one coupled silicon surface with its global coupling attached; equilibrium, Gibbs, benzene, partitions, and periodic address as chemical edges |	
Exhibit_TWENTY-SEVEN_Living_Ghost_Registry_v345a.md	561	C	**Living-return breaking.** A chemical process whose stability requires a literal rest rather than continuing opposed or cycling changes would break the re-alternation. Equal rates alone do not break it; they are the field's own strongest statement of the alternating.	continuing opposed or co-spiraling changes
Exhibit_TWENTY-SEVEN_Living_Ghost_Registry_v345a.md	610	F	**Ledger closure.** Periodic address, bonding, conductivity, electrochemistry, spectroscopy, microscopy, quantum electronics, and particle scattering cohere under electron accoun	
Exhibit_TWENTY-SEVEN_Living_Ghost_Registry_v345a.md	953	C	**Standing.** Confirmed · natural register at the three installations. Emanation at the natural face, what the colour cycling lands at the membrane it is met at. The label, charge, mass, spin, baryon number, form factors, parton distributions, detector events and Z-addressin	the colour co-spiraling
Exhibit_TWENTY-SEVEN_Living_Ghost_Registry_v345a.md	983	C	**Eight-face society.** Within: the colour cycling, the parton content, the nucleus's bounding, the network's re-forming. At the membranes: coupling to the probe, to the electron cloud, to the water n	the colour co-spiraling
Exhibit_TWENTY-SEVEN_Living_Ghost_Registry_v345a.md	993	C	**Re-alternation.** The proton is what the colour cycling lands at the membrane it is met at: charge the sign, mass the coupling's own, spin one half taken at its turn. In water the crossing is the coupling	the colour co-spiraling
Exhibit_TWENTY-SEVEN_Living_Ghost_Registry_v345a.md	1018	F	**10 · reach.** Periodicity is the addresses' reach, accounting. Reads **is-not** with nothing installed; where the table is installed as the source of the chemistry, **is-not**	
Exhibit_TWENTY-SEVEN_Living_Ghost_Registry_v345a.md	1032	F	ber of protons and the pure substance composed of such atoms, Paneth's basic substance and simple substance. Atomic number is the exact proton count. Period, group and block are addresses across recurring chemistry, and the chartered body states the composition of group three to be a matter of convention.	
Exhibit_TWENTY-SEVEN_Living_Ghost_Registry_v345a.md	1036	F	**Ledger closure.** Stoichiometry, atomic weights, conservation of elements across chemical change, the periodic table, the nomenclature.	
Exhibit_TWENTY-SEVEN_Living_Ghost_Registry_v345a.md	1058	F	**Living-return breaking.** The coupling reading carries periodicity, group trends, the recurrence of chemistry across the addresses and the exactness of the count, or it breaks; the address is accounting and stands.	
Exhibit_TWENTY-SEVEN_Living_Ghost_Registry_v345a.md	1153	F	**2 · rates.** Apart, the pancreas pulses in minutes, the thermal cycle runs in a day, sodium excretion runs in weeks (nye), each at its own period. Coupled, one "steady state" over the window, carried by no organ. Reads	
Exhibit_TWENTY-SEVEN_Living_Ghost_Registry_v345a.md	1161	F	**6 · surplus.** An isolated perfused liver puts out glucose at its own rate; isolated islets pulse at their own period (nye). Coupled, the whole holds a range neither returns and their sum does not — the range is the coupling's, owned by neither. Reads **is**.	
Exhibit_TWENTY-SEVEN_Living_Ghost_Registry_v345a.md	1185	F	y textbook is titled for the body's wisdom. The textbook use is the maintenance of nearly constant conditions in the internal environment, drawn as a loop: variable, sensor, set point, effector.	homeostasis loop kept as field's term; the file reads the loop's closing as installation/accounting
Exhibit_TWENTY-SEVEN_Living_Ghost_Registry_v345a.md	1187	F	**Field observings retained.** Core temperature and its daily cycle; the 1868 mean of 37.0 from about a million readings and the modern mean near 36.6, falling by roughly 0.03 °C a decade since (for fetch); fasting an	
Exhibit_TWENTY-SEVEN_Living_Ghost_Registry_v345a.md	1191	F	**Living changing.** Every regulated variable moves continuously at its own rate — pulses, daily cycles, weekly rhythms, beat-to-beat variation — and the organs coupling across the compartment move each other: glucose remodels the islet, temperature mov	
Exhibit_TWENTY-SEVEN_Living_Ghost_Registry_v345a.md	1201	F	s a set point, an interval, an error. (4) The set point is installed as what the body holds, and the coupling as a regulator that defends it. (5) The loop closes under the chosen variable and window. (6) Anticipation, moving thresholds, turnover and the regulator's own changing remain the carry the stil	homeostasis loop kept as field's term; the file reads the loop's closing as installation/accounting
Exhibit_TWENTY-SEVEN_Living_Ghost_Registry_v345a.md	1207	F	mbranes, the environment exchanges heat, water and food; the clinician samples; the reference population supplies the interval; the analyst draws the loop. The eight re-form one observing society, and the set point belongs to that society's across-reading.	homeostasis loop kept as field's term; the file reads the loop's closing as installation/accounting
Exhibit_TWENTY-SEVEN_Living_Ghost_Registry_v345a.md	1217	F	de: the organ that "corrects" is corrected, at its own rate. The set point releases into thresholds that move, and the regulator into a coupling; the loop diagram stays as accounting.	homeostasis loop kept as field's term; the file reads the loop's closing as installation/accounting
Exhibit_TWENTY-SEVEN_Living_Ghost_Registry_v345a.md	1219	F	nt; the 1868 value moved by measurement; the 2017 line moved by committee, which is the field showing the line was its own. None of these release the loop as accounting, and none should.	homeostasis loop kept as field's term; the file reads the loop's closing as installation/accounting
Exhibit_TWENTY-SEVEN_Living_Ghost_Registry_v345a.md	1231	F	up a potential by feedback on its observed position; a single electron in a box sorted by a measurement and a gate. The sum is the bit, the work per cycle, the temperature difference. The members are each molecule's arrival, each measurement, each erasure.	
Exhibit_TWENTY-SEVEN_Living_Ghost_Registry_v345a.md	1235	F	**2 · rates.** Apart: the particle relaxes in its well at its own rate, the measurement samples at its own, the erasure cycle runs its own duration. Coupled, the bit and the work per cycle are the whole's. Reads **is**. Where the sorter is installed as acting instantly and f	
Exhibit_TWENTY-SEVEN_Living_Ghost_Registry_v345a.md	1245	F	temperature difference is carried by no molecule. One grain down, the bit is carried by no trajectory: the dissipated heat of erasure is a mean over cycles that reaches the bound only in the long-cycle limit, single cycles falling above and below it. Reads **is**.	
Exhibit_TWENTY-SEVEN_Living_Ghost_Registry_v345a.md	1251	F	**10 · reach.** Repeated feedback carries the particle farther up the potential than one step; the same coupling run on a chip cools one side as a refrigerator. The reach len	
Exhibit_TWENTY-SEVEN_Living_Ghost_Registry_v345a.md	1261	F	a partition, a door and a sorter, posited; a colloidal particle in an optically modulated double well with its bath; a Brownian particle in a tilted periodic potential with a camera and feedback electronics; a single electron in a metallic island with a detector and a gate; the analyst drawing the system b	
Exhibit_TWENTY-SEVEN_Living_Ghost_Registry_v345a.md	1269	F	**Field observings retained.** The Landauer bound, near 3 × 10⁻²¹ J at room temperature; the mean erasure heat saturating at the bound for long cycles in a colloidal double well; information-to-energy conversion at a Brownian particle under feedback, with the generalised fluctuation relation validat	
Exhibit_TWENTY-SEVEN_Living_Ghost_Registry_v345a.md	1281	F	**Uncarried remainder.** The measurement changes the demon: its memory is a member of the society, changed at its own rate. The erasure dissipates. Cycles fluctuate above and below the bound. The bound moves with the memory's shape and the protocol's speed.	
Exhibit_TWENTY-SEVEN_Living_Ghost_Registry_v345a.md	1307	F	er the single-electron engine at TWENTY-FIVE as a society read at its own grain — members each tunnelling event, the magnitude the extracted work per cycle, the residual the cycle-to-cycle spread — with its rates and resolution attached from the record.	
Exhibit_TWENTY-SEVEN_Living_Ghost_Registry_v345a.md	1394	F	## 6.2 Periodic-table address, accounting	
Exhibit_TWENTY-SEVEN_Living_Ghost_Registry_v345a.md	1396	F	Atomic number is an exact proton count. Period, group, block, and electron configuration are co-chained addresses across recurring chemistry. **Address is accounting, and behaviour is the coupling	
Exhibit_TWENTY-SEVEN_Living_Ghost_Registry_v345a.md	1621	F	| a ring at one boundary | the species as a bounded thing with traits of its own (state at 7, 9); fitness determines, selection acts (flow at 3) | the populat	
Exhibit_TWENTY-SEVEN_Living_Ghost_Registry_v345a.md	1650	F	**10 · reach.** Add a third water. Releasing one water from the ring costs 2650 ± 150 cm⁻¹, measured in 2013, against 2210 for two pair bonds: the excess is the field's own nonpairwise term, its word for it cooperativi	
Exhibit_TWENTY-SEVEN_Living_Ghost_Registry_v345a.md	1656	S	*The control. A self threading its own ring both ways, read to see where the door parts a self from a society.*	a self threading its own spiral both ways (a spiral of one)
Exhibit_TWENTY-SEVEN_Living_Ghost_Registry_v345a.md	1680	S	and the field says so. **Self · at the door.** The four torusing lines — 3, 4, 6, 9 — fill; the coupling at 5 is the self's own threading of its own ring, self through self and no other. Nothing is caught, nothing passes, and the record waits for its pair. The door has parted a self from a society at o	a self threading its own spiral both ways (a spiral of one)
Exhibit_TWENTY-SEVEN_Living_Ghost_Registry_v345a.md	1704	F	its own rate, or irregularly, or silent with only local calcium releases, and more than half dormant when isolated. 2 is, apart each cell at its own period with its own beat-to-beat variability; coupled, one period carried by none. 3 is, the site of earliest activation shifting with autonomic tone, excit	
Exhibit_TWENTY-SEVEN_Living_Ghost_Registry_v345a.md	1708	F	*A ring read at one boundary, passed.* The greenish warbler around the Tibetan plateau: populations running north from the south along the west and along the	
Exhibit_TWENTY-SEVEN_Living_Ghost_Registry_v345a.md	1710	F	producing at its own rate, the efficiency a ratio carried by none. 3 is, feeding running both ways in the web, omnivory, cannibalism and the detritus loops, the field's own loops. 4 is, production leaving one level arriving as production at the next. 5 is, energy arriving at the tuna that is not what sto	
Exhibit_TWENTY-SEVEN_Living_Ghost_Registry_v345a.md	1712	F	optical depth and the radius a nominal value declared in 2015; the solar constant as constant, state at 2, varying by a tenth of a per cent over the cycle. **Passed · to TWENTY-FIVE 2.14.**	
Exhibit_TWENTY-SEVEN_Living_Ghost_Registry_v345a.md	1856	F	23. F. N. Keutsch, J. D. Cruzan and R. J. Saykally, "The water trimer," *Chemical Reviews* 103, 2533–2578 (2003), the ring's structure and the many-body term, cooperativity. For fetch.	
Exhibit_TWENTY-SEVEN_Living_Ghost_Registry_v345a.md	1857	F	y (D₀) and dynamics of the water trimer, (H₂O)₃," *Journal of Physical Chemistry A* 117 (2013), D₀ = 2650 ± 150 cm⁻¹ for releasing one water from the ring, the nonpairwise contribution placed beside the dimer's D₀. Pages for fetch.	
Exhibit_TWENTY-SEVEN_Living_Ghost_Registry_v345a.md	1879	F	of Landauer's principle linking information and thermodynamics," *Nature* 483, 187–189 (2012), the mean erasure heat saturating at the bound for long cycles.	
Exhibit_TWENTY-SEVEN_Living_Ghost_Registry_v345a.md	1897	F	he nominal solar radius; G. Kopp and J. L. Lean, *Geophysical Research Letters* 38, L01706 (2011), the total solar irradiance near 1361 W m⁻² and its cycle. For fetch.	
Exhibit_TWENTY-SEVEN_Living_Ghost_Registry_v345a.md	1919	F	15. D. A. Lang, D. R. Matthews, J. Peto and R. C. Turner, "Cyclic oscillations of basal plasma glucose and insulin concentrations in human beings," *New England Journal of Medicine* 301, 1023–1027 (1979), ultradian	
Exhibit_TWENTY-SEVEN_Living_Ghost_Registry_v345a.md	1928	F	24. D. E. Irwin, S. Bensch and T. D. Price, "Speciation in a ring," *Nature* 409, 333–337 (2001); D. E. Irwin et al., "Speciation by distance in a ring species," *Science* 307, 414–416 (2005); M. Alcaide, E. S. C. S	
Exhibit_TWENTY-SEVEN_Living_Ghost_Registry_v345a.md	1951	N	No beyond address establishes the numerical torus relations at Natural Numbers. Prime crossings, 24–27–32 phases, 144–146 turns, 438–440 cycle, and 118 on a 0–120 ring remain Natural Numbers constructions offered to chemistry, and only chemical field observings under chemical units and condi	"438-440 cycle" and "118 on a 0-120 ring": number constructions, no closure claimed; ring -> number spiral
Exhibit_TWENTY-EIGHT_Equilibria_Registry_v375.md	58	C	- The resolver's pairs are the momentaries, each round the other way	The resolver's pairs are the momentaries, each spiraling the other way
Exhibit_TWENTY-EIGHT_Equilibria_Registry_v375.md	60	S	- An odd ring closes no parity, and a meeting runs round it: the non-existing between, moving through the shared surface one momentary at a time	An odd spiral carries one like pair, and its 0 tunnels along it, one self at each second momentary (bounded zero tunnelling); opposition named still names the even spiral
Exhibit_TWENTY-EIGHT_Equilibria_Registry_v375.md	123	C	The four joint descriptions run `(+,+) → (−,+) → (−,−) → (+,−) → (+,+)` and round: the four joint forms, two consecutive momentaries at each side, eight half momentaries. Prior and now distinguish which relation changes next.	(+,+) -> (-,+) -> (-,-) -> (+,-) -> (+,+) and on: the four joint forms coming again at each fourth momentary, no momentary twice
Exhibit_TWENTY-EIGHT_Equilibria_Registry_v375.md	135	F	**Around a closed route parity alternates at an even route.** Opposite parities along each joined comparison are met together exactly when each closed route is even, w	graph theory's closed route (bipartite) kept; the file's "a meeting runs round it" -> the 0 tunnels along it
Exhibit_TWENTY-EIGHT_Equilibria_Registry_v375.md	187	S	**The ten have addresses at the resolver's names.** The ring runs **3→2→4→1→14→12→6→10→11→16→next 3**, a naming ring and not an order of running, and the ten at it are **1,10,7,9,8,4,6,5,3,2**.	The naming spiral runs 3->2->4->...->16->next 3
Exhibit_TWENTY-EIGHT_Equilibria_Registry_v375.md	207	C	**The resolver's pairs are the momentaries, each round the other way.** Its four row cycles pair at the odd momentaries 1 with 2 and 3 with 4, and at the even momentaries 2 with 3 and 4 with itself, each	Its four row spirals pair ... each partner spiraling the other way ... The ten's naming spiral passes both crossings
Exhibit_TWENTY-EIGHT_Equilibria_Registry_v375.md	209	S	**One sign offered once co-chains through the whole.** At the resolver's code, selves in a ring pass each surfacing through 9-other-releasing to the next self's offering, and one +1 offered once at one self carries on at each coupling: a changin	selves joined along in a spiral
Exhibit_TWENTY-EIGHT_Equilibria_Registry_v375.md	211	S	| Selves in the ring | The carrying on |	selves joined along in a spiral
Exhibit_TWENTY-EIGHT_Equilibria_Registry_v375.md	213	C	| one | +, 0, −, 0, and round |	one | +, 0, -, 0, and on: coming again at each fourth coupling (4n at n = 1), no coupling twice
Exhibit_TWENTY-EIGHT_Equilibria_Registry_v375.md	217	S	**An odd ring closes no parity, and a meeting runs round it: the non-existing between, moving through the shared surface one momentary at a time.** The ten name th	An odd spiral carries one like pair, and its 0 tunnels along it, one self at each second momentary (bounded zero tunnelling); opposition named still names the even spiral
Exhibit_TWENTY-EIGHT_Equilibria_Registry_v375.md	219	C	The rest returns at no coupling. A ring at rest, empty carrying and nothing arriving, stays at rest, so a ring reaching rest never meets its offered sign again; each	each spiral comes to its parities again, the offered sign with them, at each 2nd coupling (even, from coupling n) or each 4n-th (odd), no coupling twice; the rest is met at none
Exhibit_TWENTY-EIGHT_Equilibria_Registry_v375.md	266	F	| 8 · a rate named as a value | **NY29** · All three reactions of the closed A ⇌ B ⇌ C ⇌ A cycle balance with their own reverses, at positive fixed total and consistent constants satisfying K₁K₂K₃=1. | chemistry | reactions |	
Exhibit_TWENTY-EIGHT_Equilibria_Registry_v375.md	282	C	· an arriving named from behind | **SA01** · A complete momentary is an ordered pair of opposite signs, each −1 or +1, and continuing reverses both. Returning is the relation "the signs are opposite" satisfied again, and equilibrium requires that relation alone to determine the complete next pair uniquely.	(registered arrival SA01) the signs coming opposite at each next momentary, and no momentary twice
Exhibit_TWENTY-EIGHT_Equilibria_Registry_v375.md	289	F	| 4 · a carry named as a store | **SA08** · The uniform Maxwellian: constant density, temperature and mean velocity throughout the periodic spatial domain, both collision and transport terms vanishing. | kinetic theory of gases | heat |	
Exhibit_TWENTY-EIGHT_Equilibria_Registry_v375.md	297	F	| 8 · a rate named as a value | **SA16** · Detailed balance for one normalized law around a three-value cycle with forward probabilities 2/3 and reverse 1/3. | probability | a relation that can change |	
Exhibit_TWENTY-EIGHT_Equilibria_Registry_v375.md	312	F	Fixed state–flow–state and flow–state–flow under their required advance; included membership required both unchanged and inverted; the balanced fuel cycle with `f≠w`. | The conjunction as stated, at the same occurrence. |	
Exhibit_TWENTY-EIGHT_Equilibria_Registry_v375.md	327	C	t is left within at most three advances, {++,−+,−−} from ++ at the third, and the subsets F carries into themselves are exactly the unions of the one cycle: none or all four.	the subsets F carries into themselves are exactly the unions of the one four-step spiral at the parities: none or all four
Exhibit_TWENTY-EIGHT_Equilibria_Registry_v375.md	337	F	| Full positive balance in the unit-ratio fuel-coupled cycle, with `f≠w` maintained | That balance is at `f=w` alone. |	
Exhibit_EIGHTEEN_Natural_Physics_v377.md (branch working/physics-motion-v377)	34	F	- 3.10 An atom at two faces, the periodic table a catalogue, and the bond	
Exhibit_EIGHTEEN_Natural_Physics_v377.md (branch working/physics-motion-v377)	40	F	- 3.16 A ratio unchanged across units, and drying rings anyone can check	
Exhibit_EIGHTEEN_Natural_Physics_v377.md (branch working/physics-motion-v377)	105	S	lone crosses it, Natural Intelligence 4.10: the two sides' three steps are one momentarying's six. The two changing and the three not changing rotate round at each momentary, bi-inversioning-co-recursioning, two consecutive inversions on different axes, Natural Mathematics 3.4. The torus carries two open	rotate on at each momentary ... the tube's own turn (torusing named; no closure claimed)
Exhibit_EIGHTEEN_Natural_Physics_v377.md (branch working/physics-motion-v377)	240	S	lves: at the parities their pattern comes again, and at the momentaries no pattern comes again, each step adding a next**, Natural Mathematics 2.3, a cycle at the parities a spiral at the momentaries, never closing; the white paper's rings at 4.13 are these spirals.	already re-said at v377: "a cycle at the parities a spiral at the momentaries, never closing"; no change
Exhibit_EIGHTEEN_Natural_Physics_v377.md (branch working/physics-motion-v377)	252	F	**The field records a current continuing with no decay measured round a superconducting solenoid's closed circuit**, File and Mills, Physical Review Letters 10, 93, 1963; and at a tricrystal ring of a cuprate with three	superconducting closed circuit / tricrystal ring kept; the file reads it at the spiral (3.5)
Exhibit_EIGHTEEN_Natural_Physics_v377.md (branch working/physics-motion-v377)	284	C	Societies 5.3 the atom, at the ladder's fifth rung, is the first self the ladder reads, and not the first possible, and at 5.2 below the atom no self closes, a nucleus below it; the rate changes at the atom about the nucleus opening or closing, and nuclei sharing one excitation recede as one society. The	below the atom no self stable-forms ... the nucleus opening or stable-forming
Exhibit_EIGHTEEN_Natural_Physics_v377.md (branch working/physics-motion-v377)	294	F	## 3.10 An atom at two faces, the periodic table a catalogue, and the bond	
Exhibit_EIGHTEEN_Natural_Physics_v377.md (branch working/physics-motion-v377)	300	F	**At its second face the atom is the periodic table's object**, the atomic number a total and the blocks the table's structure, the whole catalogued from outside: the table is true of its emanati	
Exhibit_EIGHTEEN_Natural_Physics_v377.md (branch working/physics-motion-v377)	308	N	**The table's 118 elements are a field's own result at the same numeral as the numbers' returning's far end, and no number of the method**, Natural Numbers 7.1 and Natural Intelligence 3.2. Element two is the first noble gas, and element one hundr	numbers' going and returning to 118/120; no closure claimed here
Exhibit_EIGHTEEN_Natural_Physics_v377.md (branch working/physics-motion-v377)	318	F	et, proposed.** In vacuum each colour meets c alike, no colour parting from another. Each colour is the electromagnetic field inverting twice at each cycle at its own frequency, visible light from about 400 to 790 terahertz, its wavelength the span of one cycle, frequency times wavelength exactly c at ea	
Exhibit_EIGHTEEN_Natural_Physics_v377.md (branch working/physics-motion-v377)	350	F	**A fault's timing parts from a forecast made at a fixed period.** Parkfield's moderate earthquakes came about every 22 years from 1857 to 1966; the 1985 forecast placed the next before 1993, and it arrived in 200	
Exhibit_EIGHTEEN_Natural_Physics_v377.md (branch working/physics-motion-v377)	356	F	**A fault's frictionality, its sliding read at its own markers, is proposed at six**: repeating earthquakes' spans, the similarity of slips ending at a barrier, the catalogue's asymmetry, tremor's rates, the tidal modulation, and the cone of eac	
Exhibit_EIGHTEEN_Natural_Physics_v377.md (branch working/physics-motion-v377)	358	F	## 3.16 A ratio unchanged across units, and drying rings anyone can check	
Exhibit_EIGHTEEN_Natural_Physics_v377.md (branch working/physics-motion-v377)	362	F	**A drying drop leaves its solute at its edge and, at its edge's jumps, in concentric rings**: capillary flow carries the solute to the pinned contact line, Deegan and colleagues, Nature 389, 827, 1997, and the contact line's pinning and rel	
Exhibit_EIGHTEEN_Natural_Physics_v377.md (branch working/physics-motion-v377)	364	F	**The rings' spacing is the checkable edge**: a spacing at a ratio is read as the floating alternating, and a spacing at a fixed step as the alternating fixed, a	
Exhibit_EIGHTEEN_Natural_Physics_v377.md (branch working/physics-motion-v377)	476	C	rce too strong to break. Color-neutrality (three colors summing to colorless) is the three phases summing to the neutral. Gluon-exchange is the color cycling, the alternating. Mass gap is the bounding-zeroing the coupling makes — the +1 surplus owned neither-ing, the lowest coupling the field seats — not a	(Part FOUR, not re-said) Gluon-exchange is the colour co-spiraling, the alternating
Exhibit_EIGHTEEN_Natural_Physics_v377.md (branch working/physics-motion-v377)	482	C	-forms into new couplings and not landing on a lone one, so it is not a self bounding an inside from an outside but the co-offering seen with no self closed around it; the proton and neutron are the coupling's two faces, the neutron the floating neutral itself (neutral at the bound and structured within,	(Part FOUR, not re-said) no self stable-formed around it ... Atom is the floor, the first living stable-forming of the co-agency into a self
Exhibit_EIGHTEEN_Natural_Physics_v377.md (branch working/physics-motion-v377)	604	C	**And the field's record carries the whole cycle of this installing at one worked example, complete.** The point charge — a source placed at zero size — casts its shadow at the fine-structure bound:	(Part FOUR, not re-said) the whole sequence of this installing ... the installing performed again one layer up, each next installing at its own momentary: how the installing carries on wherever it is not read
Exhibit_EIGHTEEN_Natural_Physics_v377.md (branch working/physics-motion-v377)	733	F	| solar dynamo and the sunspot cycle | a middle held as an end | standing |	
Exhibit_EIGHTEEN_Natural_Physics_v377.md (branch working/physics-motion-v377)	739	F	| 100,000-year glacial cycle | a sequencing held to one beat | standing |	
Exhibit_EIGHTEEN_Natural_Physics_v377.md (branch working/physics-motion-v377)	757	S	**And the ring's own binary runs here and does not close.** The ten stand as five couplings, the odd face entering and the even face surfacing, and one binary asks	And the naming spiral's own binary runs here and does not close
Exhibit_TWENTY-EIGHT_Equilibria_Registry_v375.md	214	C	an even number | each self changing at each coupling, neighbours opposite; the whole returns at 2 couplings	each self changing at each coupling, neighbours opposite; the parities coming again at each 2nd coupling from coupling n, no coupling twice
Exhibit_TWENTY-EIGHT_Equilibria_Registry_v375.md	215	C	an odd number | one meeting, the 0 at signs meeting, running one self each momentary; the whole returns at 4 x n couplings	one like pair, the 0 released at 10 tunnelling one self on at each SECOND coupling [code: not each]; the parities inverted at 2n and coming again at 4n couplings, no coupling twice
