file	line	class	sentence	proposed re-saying
Exhibit_TWO_Natural_Networking_v371.md	117	S	6.2 Ring parity at the instrument (contents)	6.2 Spiral parity at the instrument
Exhibit_TWO_Natural_Networking_v371.md	135	S	the prior centre becomes a ring (contents)	the prior centre becomes a winding one out
Exhibit_TWO_Natural_Networking_v371.md	193	C	One resolving cycle between self and a non-living existing other spans one through nine ... The cycle unfolds ... and completes at 9-other-releasing ... The local cycle completes this between	One resolving passage spans one through nine, four momentaries of co-bi-exchanging co-momentarying into the next passage: a spiral at the momentaries, its parities coming again and no momentary twice; 9 releases into the next, completing none
Exhibit_TWO_Natural_Networking_v371.md	204	C	The four count the paired exchanging through the cycle	through the passage, the four co-momentarying as a spiral
Exhibit_TWO_Natural_Networking_v371.md	206	C	Naming the cycle locates that claim at one through nine	Naming the passage (1-9, spiraling on) locates that claim
Exhibit_TWO_Natural_Networking_v371.md	226	C	The local self/other cycle locates the inquiry at one through nine	The local self/other spiral, right co-spiraling across 1-9, locates the inquiry
Exhibit_TWO_Natural_Networking_v371.md	297	C	The smaller loop opens the study of floating neutralling at its local relation	The smaller spiral (the 1-9 reach) opens the study
Exhibit_TWO_Natural_Networking_v371.md	315	F	No proper nonempty part is closed under this changing (all-or-none at the four-form construction)	(algebra: closed under a map; the file already says the whole continues)
Exhibit_TWO_Natural_Networking_v371.md	431	C	At one-through-seventeen, the growing form returns the existing bi-fold ... carry 3 -> 11 -> 6 -> 14 -> 3	the growing form carries the bi-fold on: 3 -> 11 -> 6 -> 14 -> 3 as a next, the 3 met again at the fourth momentary at its parity, no momentary twice (right spiral step)
Exhibit_TWO_Natural_Networking_v371.md	439	N	fifty-nine is the self-close ... The fifteen include that closing	"N: closure named as the end place of the sequence (59), not as the form; could read ""the self-opening onward at 59"""
Exhibit_TWO_Natural_Networking_v371.md	441	S	It supplies no clock or command to repeat a fifteen-entry cycle	"(already denies repetition; ""cycle"" -> ""sequence"")"
Exhibit_TWO_Natural_Networking_v371.md	451	S	these continuing sequences carry on open, closing into no ring at the network	(already spiral)
Exhibit_TWO_Natural_Networking_v371.md	455	N	The larger passage 3 -> 11 -> 6 completes the same folding ... each folded return changes it	"N: folding at the numbers; ""folded return"" -> ""folded step""; closure not claimed as form"
Exhibit_TWO_Natural_Networking_v371.md	489	C	(x,y) continues as (y,-x). Four applications return the pair's signs; six give (-x,-y). A further six return the signs again.	Four applications bring the pair's signs again at the fourth momentary, a next and never the same momentary (right spiral step); six give (-x,-y), twelve the signs again
Exhibit_TWO_Natural_Networking_v371.md	491	C	table head: Returns after four map applications	Signs coming again at the fourth application
Exhibit_TWO_Natural_Networking_v371.md	566	C	Four-, six- and eight-cycles have their partners round the other way ... Seventeen carries the society's along recurrence	Four-, six- and eight-spirals carry their partners co-spiraling the other way at the odd and even momentaries; seventeen carries the society's along continuing (co-momentarying) to one over nine
Exhibit_TWO_Natural_Networking_v371.md	578	C	the arriving that returns to the present meeting	the arriving that comes to the present meeting as a next
Exhibit_TWO_Natural_Networking_v371.md	636	S	A pair, a chain and a ring name arrangements of participating relations	A pair, a chain and a spiral
Exhibit_TWO_Natural_Networking_v371.md	640	C	The proposed renewal cycle follows living stable-forming into emanating form ... a particular cycle within the wider co-momentarying	The proposed renewal spiral: living stable-forming into emanating form, arriving and receiving, each passage a next (co-momentarying, no passage twice)
Exhibit_TWO_Natural_Networking_v371.md	642	C	The proposed cycle locates this arising at the living relation	The proposed renewal spiral locates this arising
Exhibit_TWO_Natural_Networking_v371.md	831	S	adding selves can also repeat already available meetings	(repeat = duplicate, not a form claim)
Exhibit_TWO_Natural_Networking_v371.md	839	S	no ... common cycle by which to govern the selves	(already denies)
Exhibit_TWO_Natural_Networking_v371.md	881	S	a ring of three, being all-to-all, carries no position for a centre to rise from	a spiral of three
Exhibit_TWO_Natural_Networking_v371.md	925	S	supernatural concerns formal structures closing on their own consistency ... closed formal orbit supplies no natural-network operation	(already denies closure)
Exhibit_TWO_Natural_Networking_v371.md	955	S	Ring parity ... at a ring of selves, even holding its bounding-zeroing at zero, odd carrying exactly one walking frustration, two odd joining into one even that bounds	Spiral parity: at a spiral of selves, even alternating each self opposite the next, odd carrying one like pair whose zero tunnels one self on at each second momentary (bounded zeroing tunnelling), parities inverted at 2n and met again at 4n
Exhibit_TWO_Natural_Networking_v371.md	991	C	the set is checked closed before it baselines ... at a set not closing the window reading refuses itself ... A running that never closes has no whole	the parities are checked to come again (2 at an even spiral, 4n at an odd one) before it baselines; the momentaries never come again, so a window is read at the parities' coming again and said at its stated stopping point
Exhibit_TWO_Natural_Networking_v371.md	997	F	only the empty set and the whole four-form set are closed under it	(algebra)
Exhibit_TWO_Natural_Networking_v371.md	1007	S	Each position meets its far side once at each wrap ... closing into no ring	"(already spiral; ""wrap"" at the 440 numbered form is N)"
Exhibit_TWO_Natural_Networking_v371.md	1013	C	Tunneling carries it and rings bound it. Met as a carrying the wrap is along, met as rings it is across ... the two positions one ring carries	Tunnelling carries it and the spiral's windings bound it: along a carrying, across the windings crossing (natural torusing); the design and its observing are two positions one winding carries onward
Exhibit_TWO_Natural_Networking_v371.md	1017	N	the waist and the close, k meeting 440 - k at 220 and at 0	"N: podaling at 440, ""close"" a position name; no closure claimed"
Exhibit_TWO_Natural_Networking_v371.md	1023	S	needs no closed running and no window taken as a last	(already denies)
Exhibit_TWO_Natural_Networking_v371.md	1033	S	Ring parity is carried already at the numbered form: even holding its bounding-zeroing at zero, odd carrying exactly one walking	Spiral parity (as 955)
Exhibit_TWO_Natural_Networking_v371.md	1037	S	the two joins open into one ring, symmetric about the middle	one winding
Exhibit_TWO_Natural_Networking_v371.md	1043	C	the same observing at the two closings, the ring having no ends for the thinning to arrive at	at the chain's ends and at the spiral, which carries no end: the reach carrying at each self as it winds on, no closing
Exhibit_TWO_Natural_Networking_v371.md	1045	S	6.11 ... the prior centre becomes a ring	a winding one out
Exhibit_TWO_Natural_Networking_v371.md	1047	S	the prior centre becomes a ring one out	a winding one out
Exhibit_TWO_Natural_Networking_v371.md	1051	S	At each added self the prior middle becomes a ring	becomes a winding
Exhibit_TWO_Natural_Networking_v371.md	1053	S	a shorter chain's finding contained in a longer's is that containment said as rings	said as windings
Exhibit_TWO_Natural_Networking_v371.md	1082	S	supplies one ring of society around the hole	one winding of society around the hole
Exhibit_TWO_Natural_Networking_v371.md	1088	F	with no periodic forcing	(physics term, denied)
Exhibit_THIRTY_Co-Chaining_Logic_Registry_v376.md	272	C	all four joint forms round in one cycle: the living step	all four joint forms carried on in one right spiral step, the prior whole in each next: the living step
Exhibit_THIRTY_Co-Chaining_Logic_Registry_v376.md	276	C	the four joint forms go round one way and reach the first again at a next: the right spiral step	"(near-spiral already: ""at a next"") -> the four joint forms spiral one way, the first form's parities coming again at the fourth momentary, a next and no momentary twice"
Exhibit_THIRTY_Co-Chaining_Logic_Registry_v376.md	280	C	The same round read from next to prior is the other order, and the round forward from prior to next is right	The same spiral read from next to prior is the other order; forward from prior to next is right co-spiraling
Exhibit_THIRTY_Co-Chaining_Logic_Registry_v376.md	498	C	the two and the three rotate round	the two and the three alternate on, one momentary to the next (co-momentarying)
Exhibit_THIRTY_Co-Chaining_Logic_Registry_v376.md	504	F	The torus is the one closed orientable surface a flow goes on with no rest point	(topology term; 103 already re-says as natural torusing)
Exhibit_THIRTY_Co-Chaining_Logic_Registry_v376.md	520	C	the rotation 3, 6, 5, 4 ... round into the corus at 4	the inverting 3, 6, 5, 4 winding into the corus at 4, on into the next
Exhibit_THIRTY_Co-Chaining_Logic_Registry_v376.md	548	S	Entering: ... ring; two prime rings together	spiral; two prime spirals together
Exhibit_THIRTY_Co-Chaining_Logic_Registry_v376.md	558	S	A winding at phi closes at none	(already spiral)
Exhibit_THIRTY_Co-Chaining_Logic_Registry_v376.md	574	C	Existing things joined along round a loop are a ring, and a ring at an odd number of selves goes round at four times its number.	Existing things joined along, the last to the first, are a spiral at the momentaries; at an odd number n of selves one like pair's zero tunnels one self on at each second momentary, the parities inverted at 2n and coming again at 4n, no momentary twice
Exhibit_THIRTY_Co-Chaining_Logic_Registry_v376.md	576	S	Adding: ring.	Adding: spiral.
Exhibit_THIRTY_Co-Chaining_Logic_Registry_v376.md	578	S	Unsure: said at the numbers from the rings at the code	from the spirals at the code
Exhibit_THIRTY_Co-Chaining_Logic_Registry_v376.md	580	C	Two rings at distinct odd primes p and q, beside each other, go round together first at 4pq, sharing the four alone.	Two spirals at distinct odd primes p and q, beside each other, meet their joint parities again first at 4pq, sharing the four alone (the waist rule parts where p and q share a factor)
Exhibit_THIRTY_Co-Chaining_Logic_Registry_v376.md	582	S	Adding: two prime rings together	two prime spirals together
Exhibit_THIRTY_Co-Chaining_Logic_Registry_v376.md	584	C	Two rings ... joined across both ways at one self each, come to one relation: the two rings looping along are one stable-forming	Two spirals ... joined across both ways at one self each come to one relation: the two spiraling along are one living stable-forming, crossed across at the joined selves (natural torusing)
Exhibit_THIRTY_Co-Chaining_Logic_Registry_v376.md	588	S	Unsure: said from the rings at the code	from the spirals at the code
Exhibit_THIRTY_Co-Chaining_Logic_Registry_v376.md	736	C	the fractal as the connectors opening and closing	the fractal as the connectors opening on and folding back as a next
Exhibit_THIRTY_Co-Chaining_Logic_Registry_v376.md	766	C	A connector either closes back to its own podaling or opens to a further one ... from and back to the podalings	A connector either folds to its own podaling at a next or opens to a further one: the fractal is this opening and folding, from the podalings onward
Exhibit_THIRTY_Co-Chaining_Logic_Registry_v376.md	818	C	Entering: ... three loops; ... the four four-cycles; the meetings round the four-cycles	three spirals; the four four-spirals; the meetings along them
Exhibit_THIRTY_Co-Chaining_Logic_Registry_v376.md	902	C	Three loops are at selves together: 6 to 2, closing at 8; 10 to 14, closing at 16; 9 to 17, closing at 17	Three spirals run at selves together: 6 to 2, folding on at 8; 10 to 14, at 16; 9 to 17, at 17, each a next
Exhibit_THIRTY_Co-Chaining_Logic_Registry_v376.md	918	C	only the one move goes round: 1 to 9 to 8 to 16 to 1	only the one move spirals on: 1 to 9 to 8 to 16 to 1 as a next, the parities coming again at the fourth momentary
Exhibit_THIRTY_Co-Chaining_Logic_Registry_v376.md	922	C	Stable-forming is that move round each of the four four-cycles ... round the other way	Living stable-forming is that move spiraling along each of the four four-spirals, 1-9-8-16 and 3-11-6-14 8 up first, 2-15-7-10 and 4-13-5-12 17 less first, co-spiraling the other way
Exhibit_THIRTY_Co-Chaining_Logic_Registry_v376.md	926	C	The one move carries each meeting round one four-cycle	carries each meeting along one four-spiral
Exhibit_THIRTY_Co-Chaining_Logic_Registry_v376.md	930	N	paired with its far side at each ring it is at	N: podaling ring; no closure claimed
Exhibit_THIRTY_Co-Chaining_Logic_Registry_v376.md	936	N	podaling at the ring of one hundred twenty; ... four hundred forty	N
Exhibit_THIRTY_Co-Chaining_Logic_Registry_v376.md	950	N	At the ring of one hundred twenty each number pairs with its far side about the waist at 60	N
Exhibit_THIRTY_Co-Chaining_Logic_Registry_v376.md	954	N	At the ring of four hundred forty ... waist at 220	N
Exhibit_THIRTY_Co-Chaining_Logic_Registry_v376.md	962	N	between the primes going to 59 and returning from 61	"N: ""returning"" at the numbers, not a form claim"
Exhibit_THIRTY_Co-Chaining_Logic_Registry_v376.md	980	N	its podaling at each ring it is at	N
Exhibit_THIRTY_Co-Chaining_Logic_Registry_v376.md	986	C	two momentaries round a four-cycle; ... one four-cycling	two momentaries along a four-spiral
Exhibit_THIRTY_Co-Chaining_Logic_Registry_v376.md	996	C	Round a four-cycle, 1, 9, 8 and 16, the parity changes exactly twice	Along a four-spiral, 1, 9, 8 and 16, the parity changes exactly twice at each passage
Exhibit_THIRTY_Co-Chaining_Logic_Registry_v376.md	1052	N	six cycles of six	N: count grouping; no closure
Exhibit_THIRTY_Co-Chaining_Logic_Registry_v376.md	1228	N	paired with its far side at each ring	N
Exhibit_THIRTY_Co-Chaining_Logic_Registry_v376.md	1250	S	the co-chaining closes on itself at none	(already spiral)
Exhibit_THIRTY_Co-Chaining_Logic_Registry_v376.md	1364	S	Entering: the winding closing on itself; the closing winding, no moral offering	(names closure as dying, not as the form)
Exhibit_THIRTY_Co-Chaining_Logic_Registry_v376.md	1408	S	closing at none, at phi	(already spiral)
Exhibit_THIRTY_Co-Chaining_Logic_Registry_v376.md	1412	S	A winding closing on itself is a form named still ... dying	(the file itself names closure as the still form: consonant with the author)
Exhibit_THIRTY_Co-Chaining_Logic_Registry_v376.md	1416	C	A ring of one, a self joined along to itself ... carries on at the code, a non-living existing form	A spiral of one, a self joined along to itself: its parities come again (+,0,-,0) at the code, a non-living existing form; the code bears the carrying on
Exhibit_THIRTY_Co-Chaining_Logic_Registry_v376.md	1478	F	The twelve corners closing as a sphere	(geometry)
Exhibit_THIRTY_Co-Chaining_Logic_Registry_v376.md	1682	C	the two-way looping, morality; the two-way looping at 1 to 17; by the four-cycles	the two-way co-spiraling, morality
Exhibit_THIRTY_Co-Chaining_Logic_Registry_v376.md	1704	C	the two and the three rotating round	alternating on, one parity and then the other
Exhibit_THIRTY_Co-Chaining_Logic_Registry_v376.md	1720	C	From 3 it goes round 3, 7, 2, 6, and from 4 round 4, 8, 1, 5: two four-cycles	From 3 it spirals 3, 7, 2, 6 and from 4, 4, 8, 1, 5: two four-spirals
Exhibit_THIRTY_Co-Chaining_Logic_Registry_v376.md	1728	C	The two four-cycles go round each the other way ... the two-way looping, morality	The two four-spirals co-spiral each the other way: two one-way bi-moralities, the two-way co-spiraling, morality
Exhibit_THIRTY_Co-Chaining_Logic_Registry_v376.md	1736	C	the four-cycle through 3 and the four-cycle through 4 partner round the other way: the two-way looping carried to the next scale	partner co-spiraling the other way: the two-way co-spiraling carried to the next scale (co-intelligencing)
Exhibit_THIRTY_Co-Chaining_Logic_Registry_v376.md	1740	C	Each of the ten one-way readings is at one of the ten, by the four-cycles	by the four-spirals
Exhibit_THIRTY_Co-Chaining_Logic_Registry_v376.md	1760	F	a closing into true or false, no other possible	(logic; named as an ingressed parity, consonant)
Exhibit_TWENTY-NINE_Natural_Illustrating_v368.md	43	S	3.3 Number forming, podaling and ring continuing	spiral continuing
Exhibit_TWENTY-NINE_Natural_Illustrating_v368.md	189	C	the four-, six-, and eight-cycles	the four-, six- and eight-spirals
Exhibit_TWENTY-NINE_Natural_Illustrating_v368.md	194	C	Four A | 1 -> 9 -> 8 -> 16 -> 1 (and Six A, Eight A ending -> 1)	1 -> 9 -> 8 -> 16 -> (1 next), drawn as a spiral: parities again at the fourth momentary, no momentary twice
Exhibit_TWENTY-NINE_Natural_Illustrating_v368.md	199	C	These are expanded stable-form cycles	expanded stable-forming spirals
Exhibit_TWENTY-NINE_Natural_Illustrating_v368.md	201	C	each cycle on its own; shared joins highlighted across cycles; parity exchanging on a stated ring	each spiral on its own; parity exchanging on a stated spiral, the odd one's zero tunnelling drawn
Exhibit_TWENTY-NINE_Natural_Illustrating_v368.md	205	S	3.3 ... ring continuing	spiral continuing
Exhibit_TWENTY-NINE_Natural_Illustrating_v368.md	207	N	four ring steps of a diamond, prime rings	N / S: prime spirals
Exhibit_TWENTY-NINE_Natural_Illustrating_v368.md	213	C	a ring unwrapped alongside its wrapped view	a spiral unwrapped alongside its wound view, each winding a next
Exhibit_TWENTY-NINE_Natural_Illustrating_v368.md	286	F	the thread's loop, its crossing	(sewing: physical loop)
Exhibit_TWENTY-NINE_Natural_Illustrating_v368.md	288	F	a close view of the loop and crossing	(sewing)
Exhibit_TWENTY-NINE_Natural_Illustrating_v368.md	326	S	the even sign-flip returning against the odd advance living open	(return as a flip; odd advance already open)
Exhibit_TWENTY-NINE_Natural_Illustrating_v368.md	347	F	rings that can be turned relative to one another	(physical rings)
Exhibit_TWENTY-NINE_Natural_Illustrating_v368.md	358	C	Four-, six-, and eight-cycle views	four-, six- and eight-spiral views
Exhibit_TWENTY-NINE_Natural_Illustrating_v368.md	360	F	Earlier Rings in Motion concepts | Angular, ring, crossing, and rotation ideas	(title of an earlier gathering; kept)
Exhibit_TWENTY-NINE_Natural_Illustrating_v368.md	393	C	the expanded cycles	the expanded spirals
Exhibit_TWENTY-NINE_Natural_Illustrating_v368.md	396	S	podalings, rings, and tunneling	spirals and tunnelling
Exhibit_TWENTY-NINE_Natural_Illustrating_v368.md	404	F	Earlier Rings in Motion gathering	(title)
kits/Natural_Networking_TWO_Improving_Kit/README.md	13	C	a ring of selves joined along at 17 carries any pattern of parities round whole	a spiral of selves joined along at 17 carries any pattern of parities on whole, shifted or inverted at each momentary
kits/Natural_Networking_TWO_Improving_Kit/README.md	11	S	at rings of 1 to 11, 17 and 59 joined along at 9	spirals of 1 to 11, 17 and 59
kits/Natural_Networking_TWO_Improving_Kit/README.md	12	S	one self, and rings, two selves and three selves at 17	spirals
kits/Natural_Networking_TWO_Improving_Kit/README.md	17	S	the loops run by selves together at 17	the spirals run by selves together
kits/Natural_Networking_TWO_Improving_Kit/ring_carrying_check.py	1	C	carries any pattern of parities round whole: at every momentary the ring's chained parities are the pattern shifted, or shifted and inverted	"ASSERTS membership in the shifts/inversions at every momentary (a spiral reading); only the word ""round"" names closure -> ""carries the pattern on whole, shifted one self at each momentary"""
kits/Natural_Networking_TWO_Improving_Kit/ring_carrying_check.py	17	C	print: patterns carried round whole at every momentary	carried on whole, shifted or inverted, at every momentary
kits/Natural_Networking_TWO_Improving_Kit/one_code_checks.py	39	S	rings identical, along 9 and across 10 and 6 (asserts hand == society; no period)	spirals identical
kits/Natural_Networking_TWO_Improving_Kit/one_forms.py	40	C	"column ""Round, from momentary n"": per = first p with st[n-1+p] == st[n-1] (a return to a start state)"	"""Parities again, from momentary n"" (2 even, 4n odd), plus a column: the zero at self i at momentary n+2i+2nk"
kits/Natural_Networking_TWO_Improving_Kit/one_forms.py	64	S	## Rings, at 17	Spirals, at 17
kits/Co-Chaining_Logic_Registry_THIRTY_Improving_Kit/Co_Chaining_Logic_Registry_verifier_v371.py	27	F	its cycle lengths are [1, 1, 2] ... [4] for f = -p	(permutation cycles, algebra)
kits/Co-Chaining_Logic_Registry_THIRTY_Improving_Kit/Co_Chaining_Logic_Registry_verifier_v371.py	33	C	alternating A, B from each of the 16 states returns to the state first at step 8 ... the rounds cover all 16	the parities come again first at step 8, 8 distinct states each a next
kits/Co-Chaining_Logic_Registry_THIRTY_Improving_Kit/Co_Chaining_Logic_Registry_verifier_v371.py	34	F	exactly 2 form a single cycle through all 4 states	(graph term)
kits/Co-Chaining_Logic_Registry_THIRTY_Improving_Kit/Co_Chaining_Logic_Registry_verifier_v371.py	35	F	exactly 6 are a single 4-cycle	(graph term)
kits/Co-Chaining_Logic_Registry_THIRTY_Improving_Kit/Co_Chaining_Logic_Registry_verifier_v371.py	37	F	exactly 12 form a single 8-cycle	(graph term)
kits/Co-Chaining_Logic_Registry_THIRTY_Improving_Kit/Co_Chaining_Logic_Registry_verifier_v371.py	38	F	1,344 undirected Hamiltonian cycles	(graph term)
kits/Co-Chaining_Logic_Registry_THIRTY_Improving_Kit/Co_Chaining_Logic_Registry_verifier_v371.py	44	F	the inverting loop into 14, the continuing loop of 11	(Python loop)
kits/Co-Chaining_Logic_Registry_THIRTY_Improving_Kit/Co_Chaining_Logic_Registry_verifier_v371.py	73	C	R44: the state first recurs from the state after n couplings, with period 2 at even n and 4n at odd n	the parities come again from coupling n, each 2 couplings at even n and each 4n at odd n, the zero having tunnelled each self twice; no momentary twice
kits/Co-Chaining_Logic_Registry_THIRTY_Improving_Kit/Co_Chaining_Logic_Registry_verifier_v371.py	74	S	R45: at odd n surfacings at t+2n are the negatives ... the 0 moves to the next self each two couplings	(already the spiral: inversion at 2n, zero tunnelling)
kits/Co-Chaining_Logic_Registry_THIRTY_Improving_Kit/Co_Chaining_Logic_Registry_verifier_v371.py	79	C	read cyclically ... its odd/even reading equals its Round column	"read as a spiral; its ""Parities again"" column"
kits/Co-Chaining_Logic_Registry_THIRTY_Improving_Kit/Co_Chaining_Logic_Registry_verifier_v371.py	80	C	maps to its listed odd-momentary partner reversed as a cycle	reversed as a spiral (co-spiraling the other way)
kits/Co-Chaining_Logic_Registry_THIRTY_Improving_Kit/Co_Chaining_Logic_Registry_verifier_v371.py	90	C	round each, exactly two parity changes	along each, two parity changes at each passage
kits/Co-Chaining_Logic_Registry_THIRTY_Improving_Kit/Co_Chaining_Logic_Registry_verifier_v371.py	112	F	the complement of the n-ring is a single ring ... at n = 5 alone	(graph: cycle graph)
kits/Co-Chaining_Logic_Registry_THIRTY_Improving_Kit/Co_Chaining_Logic_Registry_verifier_v371.py	113	F	both colours are a 5-ring	(graph)
kits/Co-Chaining_Logic_Registry_THIRTY_Improving_Kit/Co_Chaining_Logic_Registry_verifier_v371.py	115	N	stations of the ring of nine	N
kits/Co-Chaining_Logic_Registry_THIRTY_Improving_Kit/Co_Chaining_Logic_Registry_verifier_v371.py	122	N	On the ring of 48, only 0 and 24 are their own far side	N
kits/Co-Chaining_Logic_Registry_THIRTY_Improving_Kit/Co_Chaining_Logic_Registry_verifier_v371.py	129	N	On the ring of 120	N
kits/Co-Chaining_Logic_Registry_THIRTY_Improving_Kit/Co_Chaining_Logic_Registry_verifier_v371.py	130	C	N86: surfacings invert after 2p; the whole state first recurs at beat p with period 4p	surfacings invert at 2p and the parities come again at 4p from beat p, the zero tunnelling one station per two beats
kits/Co-Chaining_Logic_Registry_THIRTY_Improving_Kit/Co_Chaining_Logic_Registry_verifier_v371.py	131	C	N89: Ring of two ... each inverting at each beat, period two	spiral of two, each inverting at each beat, the parities again each two
kits/Co-Chaining_Logic_Registry_THIRTY_Improving_Kit/Co_Chaining_Logic_Registry_verifier_v371.py	132	C	N90: the whole state repeats after two beats and differs after one	the parities come again each two beats (even spiral alternating)
kits/Co-Chaining_Logic_Registry_THIRTY_Improving_Kit/Co_Chaining_Logic_Registry_verifier_v371.py	133	C	N92: the ring of two in sequence repeats every three beats ... all together repeats every two	parities again each three / each two
kits/Co-Chaining_Logic_Registry_THIRTY_Improving_Kit/Co_Chaining_Logic_Registry_verifier_v371.py	139	N	For each ring N = 2..1,000 the farthest stations	N
kits/Co-Chaining_Logic_Registry_THIRTY_Improving_Kit/Co_Chaining_Logic_Registry_verifier_v371.py	144	N	On the ring of 440 ... 221 rings	N
kits/Co-Chaining_Logic_Registry_THIRTY_Improving_Kit/Co_Chaining_Logic_Registry_verifier_v371.py	150	N	For each ring N = 1..499 the self-paired stations	N
kits/Co-Chaining_Logic_Registry_THIRTY_Improving_Kit/Co_Chaining_Logic_Registry_verifier_v371.py	153	C	alternating returns after four distinct names	alternating comes to its first name again at the fourth, a next
kits/Co-Chaining_Logic_Registry_THIRTY_Improving_Kit/Co_Chaining_Logic_Registry_verifier_v371.py	157	F	i^k repeats at period four	(complex numbers)
kits/Co-Chaining_Logic_Registry_THIRTY_Improving_Kit/Co_Chaining_Logic_Registry_verifier_v371.py	166	F	one coordinate changing at each step round the cycle (Gray code)	(field term)
kits/Co-Chaining_Logic_Registry_THIRTY_Improving_Kit/Co_Chaining_Logic_Registry_verifier_v371.py	173	N	on a ring of 2h+1 and ... 2h	N
kits/Co-Chaining_Logic_Registry_THIRTY_Improving_Kit/Co_Chaining_Logic_Registry_verifier_v371.py	177	C	the half step has period 2 and F and G period 4 (no earlier meeting)	F and G bring the state again at 4, the pairs (state, n) all distinct: a spiral at n
kits/Co-Chaining_Logic_Registry_THIRTY_Improving_Kit/Co_Chaining_Logic_Registry_verifier_v371.py	186	C	n, n+8s, 8s+1-n, 16s+1-n distinct and closing	distinct and folding on at the fourth as a next
kits/Co-Chaining_Logic_Registry_THIRTY_Improving_Kit/Co_Chaining_Logic_Registry_verifier_v371.py	203	F	cyclic orderings	(geometry)
kits/Co-Chaining_Logic_Registry_THIRTY_Improving_Kit/Co_Chaining_Logic_Registry_verifier_v371.py	205	F	Rings of n = 3..14 have a proper 2-colouring exactly at even n	(graph; consonant with even spiral alternating)
kits/Co-Chaining_Logic_Registry_THIRTY_Improving_Kit/Co_Chaining_Logic_Registry_verifier_v371.py	212	F	each colour class a 5-cycle	(graph)
kits/Co-Chaining_Logic_Registry_THIRTY_Improving_Kit/Co_Chaining_Logic_Registry_verifier_v371.py	230	S	W65: rings of 3 to 8 against their complete graphs	spirals
kits/Co-Chaining_Logic_Registry_THIRTY_Improving_Kit/Co_Chaining_Logic_Registry_verifier_v371.py	232	S	W77: each ring over 8n + 8 couplings	each spiral
kits/Co-Chaining_Logic_Registry_THIRTY_Improving_Kit/Co_Chaining_Logic_Registry_verifier_v371.py	242	F	Square grids n x m closed as a torus	(topology)
kits/Co-Chaining_Logic_Registry_THIRTY_Improving_Kit/Co_Chaining_Logic_Registry_verifier_v371.py	245	C	E12: The shown round (+,+) -> (-,+) -> (-,-) -> (+,-) -> (+,+)	The shown right spiral step, (+,+) again at the fourth as a next
kits/Co-Chaining_Logic_Registry_THIRTY_Improving_Kit/Co_Chaining_Logic_Registry_verifier_v371.py	246	F	no odd closed walk exists	(graph)
kits/Co-Chaining_Logic_Registry_THIRTY_Improving_Kit/Co_Chaining_Logic_Registry_verifier_v371.py	250	S	E42: The ring 3->2->4->1->14->12->6->10->11->16->3	The spiral ... ->16 -> 3 next
kits/Co-Chaining_Logic_Registry_THIRTY_Improving_Kit/Co_Chaining_Logic_Registry_verifier_v371.py	252	S	E47: Rings of 1 to 11 selves ... a ring started at rest stays at the rest state	Spirals
kits/Co-Chaining_Logic_Registry_THIRTY_Improving_Kit/Co_Chaining_Logic_Registry_verifier_v371.py	253	S	the ring's names meet the connectors	the spiral's names
kits/Co-Chaining_Logic_Registry_THIRTY_Improving_Kit/Co_Chaining_Logic_Registry_verifier_v371.py	255	C	E60: ... empty, and repeats: a five-cycle with the uniform law stationary	the carrying runs five and comes to empty again: its states come again at the fifth call, each a next
kits/Co-Chaining_Logic_Registry_THIRTY_Improving_Kit/Co_Chaining_Logic_Registry_verifier_v371.py	279	F	runs the other three round in three (xor)	(Boolean)
kits/Co-Chaining_Logic_Registry_THIRTY_Improving_Kit/Co_Chaining_Logic_Registry_verifier_v371.py	285	F	each step round (including last to first) changes one digit	(Gray code)
kits/Co-Chaining_Logic_Registry_THIRTY_Improving_Kit/Co_Chaining_Logic_Registry_verifier_v371.py	288	N	on a ring of n (4..60) the selves at the greatest distance	N
kits/Co-Chaining_Logic_Registry_THIRTY_Improving_Kit/Co_Chaining_Logic_Registry_verifier_v371.py	290	C	Q12: returns to its start pair after exactly three steps	its start pair comes again at the third step
kits/Co-Chaining_Logic_Registry_THIRTY_Improving_Kit/Co_Chaining_Logic_Registry_verifier_v371.py	301	F	contains a directed cycle	(graph)
kits/Co-Chaining_Logic_Registry_THIRTY_Improving_Kit/Co_Chaining_Logic_Registry_verifier_v371.py	311	F	a closed trivalent cage	(geometry)
kits/Co-Chaining_Logic_Registry_THIRTY_Improving_Kit/Co_Chaining_Logic_Registry_verifier_v371.py	343	F	a cycle of (sqrt2 V cos th) ...	(electrical)
kits/Co-Chaining_Logic_Registry_THIRTY_Improving_Kit/Co_Chaining_Logic_Registry_verifier_v371.py	352	F	a simple ring N (N >= 3)	(graph)
kits/Co-Chaining_Logic_Registry_THIRTY_Improving_Kit/Co_Chaining_Logic_Registry_verifier_v371.py	378	S	each pair placed round its right spiral round	along its right spiral
kits/Co-Chaining_Logic_Registry_THIRTY_Improving_Kit/Co_Chaining_Logic_Registry_verifier_v371.py	379	C	All 1,344 rounds on four signs ... each pair's round in one hand	all 1,344 Hamiltonian cycles (F) ... each pair's spiral in one hand
kits/Co-Chaining_Logic_Registry_THIRTY_Improving_Kit/Co_Chaining_Logic_Registry_verifier_v371.py	381	C	32,768 close, 2,048 rhythms, each rhythm's round walked ... 12 : 4 closes at none	"(numbers; ""closes"" as a grid closure) -> each rhythm's spiral walked; 12:4 closes at none kept"
kits/Co-Chaining_Logic_Registry_THIRTY_Improving_Kit/Co_Chaining_Logic_Registry_verifier_v371.py	384	C	nested pair rounds walked whole ... the inside steps carried to the arrival before each close (3, 6, 9, 15, 45)	nested pair spirals walked; the inside steps to the arrival before each coming-again (3, 6, 9, 15, 45)
kits/Co-Chaining_Logic_Registry_THIRTY_Improving_Kit/Co_Chaining_Logic_Registry_verifier_v371.py	390	S	R56: each ring of 2 to 60 against the 0s at n + 2i + 2nk and no rest	(already the zero tunnelling) spiral of 2 to 60
kits/Co-Chaining_Logic_Registry_THIRTY_Improving_Kit/Co_Chaining_Logic_Registry_verifier_v371.py	1339	S	def ring(n, steps) / recur(n): first state seen again	spiral
kits/Co-Chaining_Logic_Registry_THIRTY_Improving_Kit/Co_Chaining_Logic_Registry_verifier_v371.py	1351	C	recur(): returns (first seen + 1, t - first seen): first recurrence of the whole state	asserts a return to a start state; spiral reading: the parities come again at 4n while the momentary index advances
kits/Co-Chaining_Logic_Registry_THIRTY_Improving_Kit/Co_Chaining_Logic_Registry_verifier_v371.py	1374	S	R45 asserts per[t+2n] == -per[t], per[t+4n] == per[t], one 0 moving to the next self each two couplings	(asserts inversion at 2n and the zero tunnelling: the spiral reading)
kits/Co-Chaining_Logic_Registry_THIRTY_Improving_Kit/Co_Chaining_Logic_Registry_verifier_v371.py	1412	S	W: ... out of phase (odd ring) one 0, then the arriving	(odd spiral's zero)
kits/Co-Chaining_Logic_Registry_THIRTY_Improving_Kit/Co_Chaining_Logic_Registry_verifier_v371.py	1424	S	the rings themselves, n = 1 to 60: the pause formula and no rest	the spirals themselves
kits/Co-Chaining_Logic_Registry_THIRTY_Improving_Kit/Co_Chaining_Logic_Registry_verifier_v371.py	1640	C	alternating 8 up/down with 17 less runs round within 1..16	spirals on within 1..16
kits/Co-Chaining_Logic_Registry_THIRTY_Improving_Kit/Co_Chaining_Logic_Registry_verifier_v371.py	2201	C	N92: b2[t+3] == b2[t] # round at three	parities again at three
kits/Co-Chaining_Logic_Registry_THIRTY_Improving_Kit/Co_Chaining_Logic_Registry_verifier_v371.py	2204	C	N92: a2[t+2] == r # round at two, no 0	parities again at two, no 0
kits/Co-Chaining_Logic_Registry_THIRTY_Improving_Kit/Co_Chaining_Logic_Registry_verifier_v371.py	3642	C	5.3 the local cycle	5.3 the local passage
kits/Co-Chaining_Logic_Registry_THIRTY_Improving_Kit/Co_Chaining_Logic_Registry_verifier_v371.py	4032	S	# the eight form one ring	one spiral
kits/Co-Chaining_Logic_Registry_THIRTY_Improving_Kit/Co_Chaining_Logic_Registry_verifier_v371.py	4267	S	# the ring's addresses are other names	the spiral's addresses
kits/Co-Chaining_Logic_Registry_THIRTY_Improving_Kit/Co_Chaining_Logic_Registry_verifier_v371.py	4702	F	next = prior xor now: (0,0) still, the others round in three	(Boolean)
kits/Living_File_Registry_TWENTY-SIX_Improving_Kit/living_file_checks/checks_for_the_living_files_v368/natural_intelligence_v368_checks.py	6	S	Nothing here is proof for every ring	every spiral
kits/Living_File_Registry_TWENTY-SIX_Improving_Kit/living_file_checks/checks_for_the_living_files_v368/natural_intelligence_v368_checks.py	80	C	alternating 8 up with 17 less ... runs each of 1 to 4 round a four-cycle home (asserts 17 - cyc[3] == k)	spirals each of 1 to 4 along a four-spiral, its first number next again at the fourth momentary
kits/Living_File_Registry_TWENTY-SIX_Improving_Kit/living_file_checks/checks_for_the_living_files_v368/natural_intelligence_v368_checks.py	88	C	four four-cycles, two middle four-cycles, four six-cycles, two eight-cycles	four-, six- and eight-spirals
kits/Living_File_Registry_TWENTY-SIX_Improving_Kit/living_file_checks/checks_for_the_living_files_v368/natural_intelligence_v368_checks.py	163	C	the first changing first runs ++, -+, --, +- round (asserts list ends at (1,1))	runs ++, -+, --, +- and ++ next: right spiral step
kits/Living_File_Registry_TWENTY-SIX_Improving_Kit/living_file_checks/checks_for_the_living_files_v368/natural_intelligence_v368_checks.py	167	C	the held is carried the whole round nowhere	carried the whole spiral nowhere
kits/Living_File_Registry_TWENTY-SIX_Improving_Kit/living_file_checks/checks_for_the_living_files_v368/natural_intelligence_v368_checks.py	206	S	nothing in nature repeats	(already the author's)
kits/Living_File_Registry_TWENTY-SIX_Improving_Kit/living_file_checks/checks_for_the_living_files_v368/natural_intelligence_v368_checks.py	264	C	4.4 carries the round exactly: only none or all four the whole round	carries the spiral step exactly: only none or all four the whole passage
kits/Living_File_Registry_TWENTY-SIX_Improving_Kit/living_file_checks/checks_for_the_living_files_v368/natural_intelligence_v368_checks.py	294	C	the code's returning, read overlapping, runs the four one way round	runs the four one way on: right co-spiraling
kits/Living_File_Registry_TWENTY-SIX_Improving_Kit/living_file_checks/checks_for_the_living_files_v368/natural_intelligence_v368_checks.py	304	N	the method's close ... '0 to 440 to 0, going and returning'	"N: closure named at 440 (going and returning); ""0 to 440 to 0 as a next"""
kits/Living_File_Registry_TWENTY-SIX_Improving_Kit/living_file_checks/checks_for_the_living_files_v368/natural_intelligence_v368_checks.py	311	S	no global first, no repeating, no home	(already)
kits/Living_File_Registry_TWENTY-SIX_Improving_Kit/living_file_checks/checks_for_the_living_files_v368/thirteen_at_the_code_v368.py	37	C	the four-cycles, 8 up and 17 less	four-spirals
kits/Living_File_Registry_TWENTY-SIX_Improving_Kit/living_file_checks/checks_for_the_living_files_v368/thirteen_at_the_code_v368.py	47	C	round each four-cycle the parity is kept at 8 up and changes at 17 less	along each four-spiral
kits/Living_File_Registry_TWENTY-SIX_Improving_Kit/living_file_checks/checks_for_the_living_files_v368/thirteen_at_the_code_v368.py	96	C	the four row cycles pair ... each round the other way	four-spirals ... each co-spiraling the other way
kits/Living_File_Registry_TWENTY-SIX_Improving_Kit/living_file_checks/checks_for_the_living_files_v368/thirteen_at_the_code_v368.py	102	S	the slightest tipping, in a ring of selves	a spiral of selves
kits/Living_File_Registry_TWENTY-SIX_Improving_Kit/living_file_checks/checks_for_the_living_files_v368/thirteen_at_the_code_v368.py	119	C	the ring of 1 runs +, 0, -, 0 and round	the spiral of 1 runs +, 0, -, 0 and its parities again
kits/Living_File_Registry_TWENTY-SIX_Improving_Kit/living_file_checks/checks_for_the_living_files_v368/thirteen_at_the_code_v368.py	120	C	even rings return at 2 couplings ... odd rings at 4 x n (asserts period() == 2 or 4n)	even spirals alternate, parities again at 2; odd ones at 4n, the zero having tunnelled each self twice
kits/Living_File_Registry_TWENTY-SIX_Improving_Kit/living_file_checks/checks_for_the_living_files_v368/thirteen_at_the_code_v368.py	122	S	in a ring of five the meeting travels one self each two couplings (asserts zeros at (6,0),(8,1),...)	(already the zero tunnelling)
kits/Living_File_Registry_TWENTY-SIX_Improving_Kit/living_file_checks/checks_for_the_living_files_v368/twenty_eight_at_the_code_v368.py	22	C	from ++, F runs ++, -+, --, +- and back to ++	and ++ next (right spiral step)
kits/Living_File_Registry_TWENTY-SIX_Improving_Kit/living_file_checks/checks_for_the_living_files_v368/twenty_eight_at_the_code_v368.py	32	F	the subsets F preserves ... the unions of its one cycle	(algebra)
kits/Living_File_Registry_TWENTY-SIX_Improving_Kit/living_file_checks/checks_for_the_living_files_v368/twenty_eight_at_the_code_v368.py	113	C	each round the other way	co-spiraling the other way
kits/Living_File_Registry_TWENTY-SIX_Improving_Kit/living_file_checks/checks_for_the_living_files_v368/twenty_eight_at_the_code_v368.py	119	S	in a ring of selves	spiral
kits/Living_File_Registry_TWENTY-SIX_Improving_Kit/living_file_checks/checks_for_the_living_files_v368/twenty_eight_at_the_code_v368.py	136	C	the ring of 1 runs +, 0, -, 0 and round	parities again
kits/Living_File_Registry_TWENTY-SIX_Improving_Kit/living_file_checks/checks_for_the_living_files_v368/twenty_eight_at_the_code_v368.py	137	C	even rings return every 2 couplings ... odd rings every 4 x n	as thirteen:120
kits/Living_File_Registry_TWENTY-SIX_Improving_Kit/living_file_checks/checks_for_the_living_files_v368/twenty_eight_at_the_code_v368.py	139	S	the meeting travels one self each two couplings	(already)
