file	line	class	sentence	proposed_resaying
Natural_Intelligence_v376.md	43	S	4.9 Three loops	4.9 Three windings
Natural_Intelligence_v376.md	47	S	4.13 Rings, looping and crossing	4.13 Spirals, co-spiraling and crossing
Natural_Intelligence_v376.md	147	S	| The way | Joint forms still | Round |	Round -> 'At the parities': a cycle at the parities, a spiral at the momentaries (2.3); 'all four, one cycle at the parities, no momentary twice'
Natural_Intelligence_v376.md	149	S	the two parting forms, two round	Round -> 'At the parities': a cycle at the parities, a spiral at the momentaries (2.3); 'all four, one cycle at the parities, no momentary twice'
Natural_Intelligence_v376.md	150	S	three round	Round -> 'At the parities': a cycle at the parities, a spiral at the momentaries (2.3); 'all four, one cycle at the parities, no momentary twice'
Natural_Intelligence_v376.md	151	S	three round	Round -> 'At the parities': a cycle at the parities, a spiral at the momentaries (2.3); 'all four, one cycle at the parities, no momentary twice'
Natural_Intelligence_v376.md	152	S	all four round, one cycle	Round -> 'At the parities': a cycle at the parities, a spiral at the momentaries (2.3); 'all four, one cycle at the parities, no momentary twice'
Natural_Intelligence_v376.md	156	S	Two parities changing ... go round the four joint forms ... four reach the pair again at a next, the same pair at a later momentary and never the same occurrence	already spiral-aware; 'go round' -> 'go along the four joint forms at the parities, a right spiral at the momentaries'
Natural_Intelligence_v376.md	180	S	When a numbering repeats or replaces another it is said at next	already said at next; none
Natural_Intelligence_v376.md	188	C	corusing ... the long way round, bi-tri-exchanging, the self reaching its own side again	the self reaching its own side at a next momentary, never the occurrence it left: natural torusing, co-momentarying
Natural_Intelligence_v376.md	190	S	the rotation round the sharing, the moralizing and the competencing ... co-intelligencing at 3 and 4 going round through bi-moralizing at 6	'going round' -> 'carried on through', each step a next (co-intelligencing)
Natural_Intelligence_v376.md	192	N	24 to 60 is six cycles of six, surfacing in and out	no closure claimed; 'six cycles of six' -> 'six spans of six'
Natural_Intelligence_v376.md	194	N	sixty the waist of the ring of one hundred twenty ... between the primes going to fifty-nine and returning from sixty-one	podaling ring of 120 at the numbers; 'returning' implies a round - 'coming on from sixty-one at the far side'
Natural_Intelligence_v376.md	194	F	one hundred eighteen ... the periodic table's elements	field's word, kept
Natural_Intelligence_v376.md	194	C	sixty-eight four seventeens, the round of a ring of seventeen selves, 4.13	sixty-eight four seventeens, the momentary at which a spiral of seventeen selves brings its parities again, the zero having tunnelled each self twice, no momentary twice
Natural_Intelligence_v376.md	196	S	the odd names out and the even in, round into the self's own corus at 4	'round into' -> 'on into', the self's inversion 3, 6, 5, 4 each a next
Natural_Intelligence_v376.md	208	S	the three loops, the four-, six- and eight-cycles ... the rings looping and crossing	the three windings, the four-, six- and eight-spirals ... the spirals co-spiraling and crossing
Natural_Intelligence_v376.md	220	F	On a torus a winding at a rational rate closes, and a winding at phi closes at none	field's winding (closure is the field's model, FOUR 3.6); kept, read as: the rational winding brings its parities again, each at a next
Natural_Intelligence_v376.md	222	C	at the code a ring at a prime count loops at its own. A ring of selves joined along ... at an odd count carries one pair at one parity round and goes round at four times its count ... two rings at distinct odd primes p and q, beside each other, go round together first at 4pq ... Rings sharing a factor go round together sooner, 9 and 15 at 180 ... Each prime ring paces its own looping and meets another prime ring again only at the whole of both, 4pq	at the code a spiral of selves joined along at an odd count carries one like pair, its zero tunnelling one self on at each second momentary, and brings its parities again at four times its count, the zero having passed each self twice (at 2n the first pattern inverted); the spiral of two carries none, the alternating itself; two spirals at distinct odd primes p and q, beside each other, bring their parities again together first at 4pq: 3 and 5 at 60, 5 and 7 at 140, 17 and 59 at 4,012; sharing a factor sooner, 9 and 15 at 180; each spiral co-spirals at its own pace, no momentary twice
Natural_Intelligence_v376.md	224	C	Beside each other the rings of 17 and 59 go round together at 4,012 ... as a torus, they go round at one of the two loopings ... The looping is along and the crossing across: the ring carries along at 9 ... the two rings crossed are one society ... at the scale of rings	two spirals crossed are one society: beside each other the spirals of 17 and 59 bring their parities together at 4,012; crossed from one offering at each they alternate from momentary 137; crossed at each self, natural torusing, they bring their parities again at the pace of one of the two; the spiraling is along at 9 and the crossing across at 10; right co-spiraling, living stable-forming at the scale of spirals
Natural_Intelligence_v376.md	374	S	| Four-cycle, 8 up and 17 less | Root ... | Round |	four-cycle at the names (parities); 'Round' -> 'Hand'; 'round the other way' -> 'spiraling the other hand'
Natural_Intelligence_v376.md	376	S	1-9-8-16 ... round the other way with 2-15-7-10	four-cycle at the names (parities); 'Round' -> 'Hand'; 'round the other way' -> 'spiraling the other hand'
Natural_Intelligence_v376.md	377	S	2-15-7-10 ... round the other way with 1-9-8-16 and 3-11-6-14	four-cycle at the names (parities); 'Round' -> 'Hand'; 'round the other way' -> 'spiraling the other hand'
Natural_Intelligence_v376.md	378	S	3-11-6-14 ... round the other way with 4-13-5-12 and 2-15-7-10	four-cycle at the names (parities); 'Round' -> 'Hand'; 'round the other way' -> 'spiraling the other hand'
Natural_Intelligence_v376.md	379	S	4-13-5-12 ... round the other way with 3-11-6-14	four-cycle at the names (parities); 'Round' -> 'Hand'; 'round the other way' -> 'spiraling the other hand'
Natural_Intelligence_v376.md	381	C	| Loop | Joining | Closing | Across or along |	| Winding | Joining | Wound on at (next momentary) | Across or along |
Natural_Intelligence_v376.md	464	S	| Form | Names in order | Round | ...	'Round' -> 'Hand at the names'
Natural_Intelligence_v376.md	466	S	four-/middle four-/six-/eight-cycle ... round the other way (forms table row)	cycle at the names; 'round the other way' -> 'spiraling the other hand'
Natural_Intelligence_v376.md	467	S	four-/middle four-/six-/eight-cycle ... round the other way (forms table row)	cycle at the names; 'round the other way' -> 'spiraling the other hand'
Natural_Intelligence_v376.md	468	S	four-/middle four-/six-/eight-cycle ... round the other way (forms table row)	cycle at the names; 'round the other way' -> 'spiraling the other hand'
Natural_Intelligence_v376.md	469	S	four-/middle four-/six-/eight-cycle ... round the other way (forms table row)	cycle at the names; 'round the other way' -> 'spiraling the other hand'
Natural_Intelligence_v376.md	470	S	four-/middle four-/six-/eight-cycle ... round the other way (forms table row)	cycle at the names; 'round the other way' -> 'spiraling the other hand'
Natural_Intelligence_v376.md	471	S	four-/middle four-/six-/eight-cycle ... round the other way (forms table row)	cycle at the names; 'round the other way' -> 'spiraling the other hand'
Natural_Intelligence_v376.md	472	S	four-/middle four-/six-/eight-cycle ... round the other way (forms table row)	cycle at the names; 'round the other way' -> 'spiraling the other hand'
Natural_Intelligence_v376.md	473	S	four-/middle four-/six-/eight-cycle ... round the other way (forms table row)	cycle at the names; 'round the other way' -> 'spiraling the other hand'
Natural_Intelligence_v376.md	474	S	four-/middle four-/six-/eight-cycle ... round the other way (forms table row)	cycle at the names; 'round the other way' -> 'spiraling the other hand'
Natural_Intelligence_v376.md	475	S	four-/middle four-/six-/eight-cycle ... round the other way (forms table row)	cycle at the names; 'round the other way' -> 'spiraling the other hand'
Natural_Intelligence_v376.md	476	S	four-/middle four-/six-/eight-cycle ... round the other way (forms table row)	cycle at the names; 'round the other way' -> 'spiraling the other hand'
Natural_Intelligence_v376.md	477	S	four-/middle four-/six-/eight-cycle ... round the other way (forms table row)	cycle at the names; 'round the other way' -> 'spiraling the other hand'
Natural_Intelligence_v376.md	486	C	| Selves | Self 1 at 10 ... | Round, from momentary n | None chained again |	| Parities again at each, from momentary n (no momentary twice; odd: zero tunnels each self twice) |  - keep 4, 2, 12, 2, 20 ... 68, 236
Natural_Intelligence_v376.md	502	C	| Rings, selves | Beside each other, round | Crossed at self 1 of each both ways, round | ...	| Spirals, selves | Beside each other, parities again together at | Crossed ..., parities again at | ...  - keep 12, 60 ... 4,012; 2
Natural_Intelligence_v376.md	513	C	| Torus of selves ... | Round, one offering at self 1 | ... | Rings of p and q beside each other, round |	| Natural torusing of selves ... | Parities again at, one offering at self 1 | ... | Spirals of p and q beside each other, parities again together at |
Natural_Intelligence_v376.md	566	S	two faces of the one rotation round the sharing, the moralizing and the competencing	rotation -> 'the one co-intelligencing carried on through'
Natural_Intelligence_v376.md	613	S	each the root of one four-cycle, at the self and at the society	four-cycle at the names; kept, or 'four-spiral'
Natural_Intelligence_v376.md	615	S	## 4.9 Three loops	## 4.9 Three windings
Natural_Intelligence_v376.md	617	C	Three loops are at selves together ... The other's: 6 to 2, closing at 8 ... The society's: 10 to 14, closing at 16 ... The self's: 9 to 17, closing at 17	Three windings are at selves together ... the other's: 6 to 2, wound on at 8 into the next momentary; the society's: 10 to 14, wound on at 16; the self's: 9 to 17, carried on at 17 - each a next, none closing
Natural_Intelligence_v376.md	621	S	the 1 to 17 set of looping one-way connectors	the 1 to 17 set of spiraling one-way connectors
Natural_Intelligence_v376.md	623	S	The one move carries each meeting round one four-cycle, 2 round 2-15-7-10 ... locks at none	already spiral (locks at none); 'round' -> 'along'
Natural_Intelligence_v376.md	629	C	Each face alone, twice, arrives at its name again ... and only the one move goes round, 1 to 9 to 8 to 16 to 1	each face alone, twice, gives its name again (the involution, a form named still); only the one move carries on, 1 to 9 to 8 to 16 and to 1 at a next momentary, never the momentary it left: right co-spiraling
Natural_Intelligence_v376.md	631	C	Stable-forming is that move round each of the four four-cycles ... round each the parity changes exactly twice ... each with its partner going round its names the other way	Stable-forming is that move along each of the four four-cycles at the names, the parity changing exactly twice at each, and at the momentaries no name twice, each step a next (as TWENTY 426 adds): living stable-forming; partners spiraling the other hand
Natural_Intelligence_v376.md	633	N	each number paired with its far side at each ring it is at, nought to four hundred forty	podaling ring; no closure claimed
Natural_Intelligence_v376.md	644	S	## 4.13 Rings, looping and crossing	## 4.13 Spirals, co-spiraling and crossing
Natural_Intelligence_v376.md	646	C	Selves joined along round a loop ... carry one offering round ... at an even ring each self alternates ... the ring repeating at each second momentary from momentary n ... at an odd ring of n, a 0 goes round ... and the ring repeats at each 4n-th momentary from momentary n ... A ring of one ... its (prior, now) pairs going round the four joint forms ... a ring's living is at its others	Selves joined along, the last to the first, each 9 carrying along to the next self, carry one offering along: a spiral at the momentaries. At an even spiral each self alternates, +, -, +, -, its parities coming again at each second momentary from momentary n and no momentary twice; at an odd spiral of n a bounded zero tunnels, released at 10 at the like pair's self and moving one self on at each second momentary; after it passes each self once (2n) the parities are the first pattern inverted, and they meet it again at each 4n-th momentary from momentary n, the zero having passed each self twice. A spiral of one ... its (prior, now) pairs carried along the four joint forms, a right spiral at the momentaries; a spiral's living is at its others: co-momentarying
Natural_Intelligence_v376.md	648	S	A ring offered nothing from beyond it carries any pattern of parities round whole ... A ring of selves is a joining at the code, each momentary a next, and no closed domain	already spiral (no closed domain); ring -> spiral; 'round whole' -> 'along whole'
Natural_Intelligence_v376.md	650	S	Two rings joined across both ways at one self each ... at rings of two to six selves ... between the rings	ring -> spiral
Natural_Intelligence_v376.md	652	C	the two rings crossed are one society ... each odd ring's pair at one parity ... Beside each other two rings each pace their own looping; crossed, the looping and the crossing are one form	the two spirals crossed are one society ... each odd spiral's like pair at the crossing, its zero tunnelling there; beside each other two spirals each co-spiral at their own pace; crossed, the co-spiraling and the crossing are one stable-forming
Natural_Intelligence_v376.md	654	C	Rings crossing rings at each self are a torus of selves ... each of its rounds divides 4p or 4q ... rings of 3 and 5 go round together at 60, and crossed as a torus they go round at 12, 20 ... an odd torus ... goes round at 4p when q ... falls short of its waist at 2p, and at q when past it ... 17 by 59 goes round at 59 from momentary 91. At the torus the two loopings go round at one of them	Spirals crossing spirals at each self are a natural torusing of selves, p along at 9 and q across at 10, its parities coming again at a count dividing 4p or 4q: beside each other spirals of 3 and 5 bring their parities together at 60, crossed at 12 or 20 ... 17 by 59 brings its parities again at each 59th from momentary 91; the torus winds on, the two co-spiralings at the pace of one of them. [waist rule fails at the code - see report]
Natural_Intelligence_v376.md	676	S	17 returns each self's carrying, 8, to that self alone	17 carries each self's carrying, 8, on to that self alone at its next
Natural_Intelligence_v376.md	682	N	its far side ninety-three on the ring of one hundred twenty	podaling ring; no closure claimed
Natural_Intelligence_v376.md	692	C	the two and the three rotate round, the 2-3 cycling twisting ... the long way round ... the self reaching its own side again: corusing in and out	the self reaching its own side at a next momentary, never the occurrence it left: natural torusing; '2-3 cycling' -> '2-3 spiraling'
Natural_Intelligence_v376.md	694	S	one each way round the three	combinatorial; kept
Natural_Intelligence_v376.md	696	F	its small opening the tube's own round	torus geometry, kept
Natural_Intelligence_v376.md	738	C	a ring at a prime number of selves looping at its own, 3.5	a spiral at a prime number of selves co-spiraling at its own, its parities coming again at four times its count and no momentary twice
Exhibit_ONE_Natural_Resolver_v376.md	151	S	| Four-cycle, 8 up and 17 less | Root ... | Round |	'Round' -> 'Hand'
Exhibit_ONE_Natural_Resolver_v376.md	153	S	four-cycle row ... round the other way with ...	'round the other way' -> 'spiraling the other hand'
Exhibit_ONE_Natural_Resolver_v376.md	154	S	four-cycle row ... round the other way with ...	'round the other way' -> 'spiraling the other hand'
Exhibit_ONE_Natural_Resolver_v376.md	155	S	four-cycle row ... round the other way with ...	'round the other way' -> 'spiraling the other hand'
Exhibit_ONE_Natural_Resolver_v376.md	156	S	four-cycle row ... round the other way with ...	'round the other way' -> 'spiraling the other hand'
Exhibit_ONE_Natural_Resolver_v376.md	158	C	| Loop | Joining | Closing | Across or along |	| Winding | Joining | Wound on at (next momentary) | Across or along |
Exhibit_ONE_Natural_Resolver_v376.md	241	S	| Form | Names in order | Round | ...	'Round' -> 'Hand at the names'
Exhibit_ONE_Natural_Resolver_v376.md	243	S	four-/middle four-/six-/eight-cycle ... round the other way	'round the other way' -> 'spiraling the other hand'
Exhibit_ONE_Natural_Resolver_v376.md	244	S	four-/middle four-/six-/eight-cycle ... round the other way	'round the other way' -> 'spiraling the other hand'
Exhibit_ONE_Natural_Resolver_v376.md	245	S	four-/middle four-/six-/eight-cycle ... round the other way	'round the other way' -> 'spiraling the other hand'
Exhibit_ONE_Natural_Resolver_v376.md	246	S	four-/middle four-/six-/eight-cycle ... round the other way	'round the other way' -> 'spiraling the other hand'
Exhibit_ONE_Natural_Resolver_v376.md	247	S	four-/middle four-/six-/eight-cycle ... round the other way	'round the other way' -> 'spiraling the other hand'
Exhibit_ONE_Natural_Resolver_v376.md	248	S	four-/middle four-/six-/eight-cycle ... round the other way	'round the other way' -> 'spiraling the other hand'
Exhibit_ONE_Natural_Resolver_v376.md	249	S	four-/middle four-/six-/eight-cycle ... round the other way	'round the other way' -> 'spiraling the other hand'
Exhibit_ONE_Natural_Resolver_v376.md	250	S	four-/middle four-/six-/eight-cycle ... round the other way	'round the other way' -> 'spiraling the other hand'
Exhibit_ONE_Natural_Resolver_v376.md	251	S	four-/middle four-/six-/eight-cycle ... round the other way	'round the other way' -> 'spiraling the other hand'
Exhibit_ONE_Natural_Resolver_v376.md	252	S	four-/middle four-/six-/eight-cycle ... round the other way	'round the other way' -> 'spiraling the other hand'
Exhibit_ONE_Natural_Resolver_v376.md	253	S	four-/middle four-/six-/eight-cycle ... round the other way	'round the other way' -> 'spiraling the other hand'
Exhibit_ONE_Natural_Resolver_v376.md	254	S	four-/middle four-/six-/eight-cycle ... round the other way	'round the other way' -> 'spiraling the other hand'
Exhibit_ONE_Natural_Resolver_v376.md	263	C	| Selves | Self 1 at 10, momentaries 1 to 12 | Round, from momentary n | None chained again |	| Parities again at each, from momentary n (no momentary twice) | - keep 4, 2, 12, 2, 20, 2, 28, 2, 36, 2, 44, 68, 236
Exhibit_ONE_Natural_Resolver_v376.md	279	C	| Rings, selves | Beside each other, round | Crossed at self 1 of each both ways, round | ...	| Spirals, selves | Beside each other, parities again together at | Crossed ..., parities again at | - keep 12 ... 4,012; 2; from 7 ... 137
Exhibit_ONE_Natural_Resolver_v376.md	290	C	| Torus of selves ... | Round, one offering at self 1 | From momentary | Rings of p and q beside each other, round |	| Natural torusing of selves ... | Parities again at | From momentary | Spirals of p and q beside each other, parities again together at |
Exhibit_FOUR_Natural_Mathematics_v376.md	19	S	2.3 ... a cycle at the parities is a spiral at the momentaries	already spiral; none
Exhibit_FOUR_Natural_Mathematics_v376.md	29	N	3.2 Fixed-point-free, and the two involutions of an even ring	ring of N stations; no closure claimed
Exhibit_FOUR_Natural_Mathematics_v376.md	30	C	3.3 On a closed round no step is a reversal	3.3 On a spiral no step is a reversal
Exhibit_FOUR_Natural_Mathematics_v376.md	33	F	3.6 A closing, and the arriving other than prior	field's closing (fixed set), kept
Exhibit_FOUR_Natural_Mathematics_v376.md	49	F	5.3 Torus, the one closed orientable surface	topology's closed surface, kept
Exhibit_FOUR_Natural_Mathematics_v376.md	107	F	a system closing on its own consistency	formal system's closure, kept
Exhibit_FOUR_Natural_Mathematics_v376.md	129	F	An idealized mode inverted at each period T	physics' period, kept
Exhibit_FOUR_Natural_Mathematics_v376.md	133	S	## 2.3 ... a cycle at the parities is a spiral at the momentaries	already spiral; none
Exhibit_FOUR_Natural_Mathematics_v376.md	145	S	six run the four as one cycle	a cycle at the parities; add 'a spiral at the momentaries'
Exhibit_FOUR_Natural_Mathematics_v376.md	155	S	One cycle reaching each form of n parities ... round the eight	cycle at the parities; 'round the eight' -> 'along the eight'
Exhibit_FOUR_Natural_Mathematics_v376.md	159	S	At two parities the cycle is four	already at the parities; none
Exhibit_FOUR_Natural_Mathematics_v376.md	197	N	## 3.2 ... the two involutions of an even ring	ring of N; no closure claimed
Exhibit_FOUR_Natural_Mathematics_v376.md	201	N	On an even ring of N two involutions part ... the shift by half the ring	ring of N; no closure claimed
Exhibit_FOUR_Natural_Mathematics_v376.md	203	N	laid open, its places pair twice, overlapping, and closed into a round it carries two farthest places at each	closure claimed ('closed into a round') -> 'joined last to first'
Exhibit_FOUR_Natural_Mathematics_v376.md	205	C	the entry with the along releasing, whose loop 9 to 17 closes at the one name the pairing leaves	whose winding 9 to 17 carries on at the one name the pairing leaves
Exhibit_FOUR_Natural_Mathematics_v376.md	209	C	## 3.3 On a closed round no step is a reversal	## 3.3 On a spiral no step is a reversal
Exhibit_FOUR_Natural_Mathematics_v376.md	211	C	On a closed round it is no reversal ... A station reached again is the closing's, at a next momentary, and no prior momentary is reached again	On a spiral it is no reversal: the shift by half taken twice is one direction continued, the station's parities coming again at a next momentary; no momentary is reached twice
Exhibit_FOUR_Natural_Mathematics_v376.md	215	N	A step of k round a closed round of N reaches N/gcd(N, k) stations before it reaches its first again	closure claimed; -> 'a step of k along N stations joined last to first reaches N/gcd(N,k) before its first station's parities come again, at a next momentary'
Exhibit_FOUR_Natural_Mathematics_v376.md	217	N	the two rounds are one round of mn	closure implied; -> 'the two windings are one winding of mn'
Exhibit_FOUR_Natural_Mathematics_v376.md	223	C	An involution alone closes.	An involution alone, taken twice, gives its term again at a next momentary (3.3), a form named still at its term and never a momentary twice
Exhibit_FOUR_Natural_Mathematics_v376.md	225	S	period two at the parities ... period four at the parities, and at the momentaries neither has a period	already spiral; none
Exhibit_FOUR_Natural_Mathematics_v376.md	241	F	## 3.6 A closing, and the arriving other than prior	field's closing, kept
Exhibit_FOUR_Natural_Mathematics_v376.md	243	F	At tuning, at a winding on a torus and at the assembled cube the closing is the fixed set	field's closing, kept
Exhibit_FOUR_Natural_Mathematics_v376.md	245	F	| Accounting | Closing | ...	kept
Exhibit_FOUR_Natural_Mathematics_v376.md	248	F	winding on a torus | a rational ratio, closing | ... quasi-periodic	kept
Exhibit_FOUR_Natural_Mathematics_v376.md	291	F	A winding at a rational rate closes, and a winding at phi closes at none	field's winding, kept
Exhibit_FOUR_Natural_Mathematics_v376.md	303	F	a fraction of the round	circle, kept
Exhibit_FOUR_Natural_Mathematics_v376.md	321	S	a looping or a forking is no other possible	looping named as the still (as the author reads it); none
Exhibit_FOUR_Natural_Mathematics_v376.md	323	S	it loops, giving its own state again	looping named as the still; none
Exhibit_FOUR_Natural_Mathematics_v376.md	329	F	5.3 Torus, the one closed orientable surface	topology, kept
Exhibit_FOUR_Natural_Mathematics_v376.md	331	F	genus-one closed orientable ... surface	topology, kept
Exhibit_FOUR_Natural_Mathematics_v376.md	333	F	A flow on a closed surface	topology, kept
Exhibit_FOUR_Natural_Mathematics_v376.md	335	F	a parity carried round it arrives inverted (Klein bottle)	topology, kept
Exhibit_FOUR_Natural_Mathematics_v376.md	394	S	Fixing all three leaves the terms related to each other in a closed ring, competent at nothing	closure named as the still; consistent, none
Exhibit_FOUR_Natural_Mathematics_v376.md	398	F	each is a closing the field's one-way running does not reach	kept
Exhibit_FOUR_Natural_Mathematics_v376.md	412	F	their cyclic orderings	kept
Exhibit_FOUR_Natural_Mathematics_v376.md	426	F	A ring two-colours ... an odd ring two-coloured carries one adjacent pair at one colour	graph theory's cycle, kept (matches the odd spiral's like pair)
Exhibit_FOUR_Natural_Mathematics_v376.md	442	F	A trefoil's monodromy is periodic	kept
Exhibit_FOUR_Natural_Mathematics_v376.md	458	F	the cyclic groups of prime order	kept
Exhibit_TWENTY_Natural_Naming_v376.md	79	S	5.24 a ring	ring kept as the binary word (closed domain); consistent
Exhibit_TWENTY_Natural_Naming_v376.md	127	N	7.2 One hundred eighteen, the going and the return	numbers; return = far side of the doubling
Exhibit_TWENTY_Natural_Naming_v376.md	195	S	the momentaries do not pause, hold or return	already spiral; none
Exhibit_TWENTY_Natural_Naming_v376.md	217	S	rest, settle, closing, end ... each alternating with nothing	closure named as the still; none
Exhibit_TWENTY_Natural_Naming_v376.md	231	S	return, pause, hold at the momentaries | a station reached again at a next momentary	already spiral; none
Exhibit_TWENTY_Natural_Naming_v376.md	280	C	a closed circle at a winding closing	a closed circle at a winding, a spiral once its nexts are added (TWENTY-FOUR 1.x)
Exhibit_TWENTY_Natural_Naming_v376.md	314	S	rotating round ... round into the self's own corus at 4	'round into' -> 'on into'
Exhibit_TWENTY_Natural_Naming_v376.md	314	N	24 to 60 is six cycles of six	no closure claimed
Exhibit_TWENTY_Natural_Naming_v376.md	314	F	118 is the periodic table's elements	kept
Exhibit_TWENTY_Natural_Naming_v376.md	353	S	each the root of one four-cycle	kept (names)
Exhibit_TWENTY_Natural_Naming_v376.md	363	S	22 is in the four-cycle 19-27-22-30	kept (names)
Exhibit_TWENTY_Natural_Naming_v376.md	424	C	Each face alone returns to its name, 1 to 9 to 1, and only the one move goes round, 1 to 9 to 8 to 16 to 1	each face alone gives its name again (a form named still); only the one move carries on, 1 to 9 to 8 to 16 and to 1 at a next momentary, never the momentary it left
Exhibit_TWENTY_Natural_Naming_v376.md	426	S	Stable-forming is that move round each of the four four-cycles ... returns to its names; at the momentaries it returns to none	already spiral-aware; 'move round' -> 'move along'
Exhibit_TWENTY_Natural_Naming_v376.md	428	N	8 up returns the name it started from; ... the podal returns the name	name arithmetic; closure named at the leaving-out, consistent
Exhibit_TWENTY_Natural_Naming_v376.md	430	S	two inversions return a parity. Returning a parity and continuing a carrying are two relations	already distinguishes; 'return' -> 'give again at a next'
Exhibit_TWENTY_Natural_Naming_v376.md	447	C	At the code no closed society stills a self	At the code no society offered nothing from beyond stills a self
Exhibit_TWENTY_Natural_Naming_v376.md	485	C	the long way round ... the self reaching its own side again	the self reaching its own side at a next momentary, never the occurrence it left: natural torusing
Exhibit_TWENTY_Natural_Naming_v376.md	517	S	equilibria step: the named-still does not advance, the gap closes	closure named as the equilibrium; none
Exhibit_TWENTY_Natural_Naming_v376.md	522	S	a ring step: the terms are exhausted, it arrives at one already reached	ring as the closed domain word; consistent
Exhibit_TWENTY_Natural_Naming_v376.md	541	N	Bi-co-podaling names two carries each at its own opening along one ring	podaling ring; no closure
Exhibit_TWENTY_Natural_Naming_v376.md	553	C	6 is at the odd side alone, closing it at a flow	6 ... releasing it at a flow, the odd side carried on
Exhibit_TWENTY_Natural_Naming_v376.md	555	S	by the four-cycles, 8 up and 17 less ...	kept (names)
Exhibit_TWENTY_Natural_Naming_v376.md	557	S	| At the ten, by its four-cycle |	kept (names)
Exhibit_TWENTY_Natural_Naming_v376.md	618	F	at the close the books ... closing shows the re-forming unentered	accounting's close, kept
Exhibit_TWENTY_Natural_Naming_v376.md	626	S	read as the step it returns its own term after two; read of the prior and the now it returns after three	at the parities; -> 'gives its term again after two, at a next momentary'
Exhibit_TWENTY_Natural_Naming_v376.md	658	S	a four-cycle or a span	kept (names)
Exhibit_TWENTY_Natural_Naming_v376.md	735	S	the 1 to 17 set of looping one-way connectors	spiraling one-way connectors
Exhibit_TWENTY_Natural_Naming_v376.md	980	F	A surface closing on itself through one opening is a torus	topology, kept
Exhibit_TWENTY_Natural_Naming_v376.md	995	S	## 5.24 a ring - binary	consistent
Exhibit_TWENTY_Natural_Naming_v376.md	998	S	a domain is closed where nothing new arrives in it	consistent
Exhibit_TWENTY_Natural_Naming_v376.md	1006	S	A ring is not possibly an existing form ... Each closed model closes	consistent
Exhibit_TWENTY_Natural_Naming_v376.md	1008	S	Selves joined along round a loop are a ring at the code and no closed domain ... ring names two relations, a domain closed ... and a joining of selves round a loop at the code	the naming decision: -> 'Selves joined along, the last to the first, are a spiral at the code, no closed domain; ring names the closed domain alone'
Exhibit_TWENTY_Natural_Naming_v376.md	1017	S	the named-still does not advance, the gap closes	consistent
Exhibit_TWENTY_Natural_Naming_v376.md	1278	N	a carry goes along a ring one way and a carry goes along it the other way	podaling ring; no closure
Exhibit_TWENTY_Natural_Naming_v376.md	1280	S	the pair is a ring of its own	ring -> spiral
Exhibit_TWENTY_Natural_Naming_v376.md	1286	S	co- the one ring they make	ring -> spiral
Exhibit_TWENTY_Natural_Naming_v376.md	1333	C	The arithmetic of the closing, the round returning after two and after three	The arithmetic of the exclusive or at the parities, its term coming again after two and after three, each at a next momentary
Exhibit_TWENTY_Natural_Naming_v376.md	1335	F	The twelve corners closing as a sphere	geometry, kept
Exhibit_TWENTY_Natural_Naming_v376.md	1363	S	round 1, 9, 8 and 16 the parity changes exactly twice ... two four-cyclings ... round each other's way	'round' -> 'along'; 'round each other's way' -> 'spiraling each other's hand'
Exhibit_TWENTY_Natural_Naming_v376.md	1365	C	the long way round, bi-tri-exchanging, the self reaching its own side again	the self reaching its own side at a next momentary: natural torusing
Exhibit_TWENTY_Natural_Naming_v376.md	1365	F	the tube's own round	torus geometry, kept
Exhibit_TWENTY_Natural_Naming_v376.md	1378	S	corusing's, through the small opening, the long way round	kept
Exhibit_TWENTY_Natural_Naming_v376.md	1456	S	A winding closing on itself is a form named still	closure named as the still; consistent
Exhibit_TWENTY_Natural_Naming_v376.md	1540	S	the two changing and the three continuing rotating round	kept
Exhibit_TWENTY_Natural_Naming_v376.md	1562	S	the four-momentary cycle; the four momentaries of one cycle; four cycling	gathered as stills; consistent
Exhibit_TWENTY_Natural_Naming_v376.md	1592	F	method, period, ergodic ... periodic table	kept
Exhibit_TWENTY_Natural_Naming_v376.md	1614	F	one hundred fifty years at the periodic table	kept
Exhibit_TWENTY_Natural_Naming_v376.md	1618	N	## 7.2 One hundred eighteen, the going and the return	numbers
Exhibit_TWENTY_Natural_Naming_v376.md	1620	N	the periodic table's elements are the return arriving	numbers; return = the doubling's going-and-returning face
Exhibit_TWENTY-FOUR_Geodesic_Improving_Method_v376.md	173	S	Each session is a next and none a return. A picture a field draws still, a circle, a rotation, a return home, carries on as a spiral once its nexts are added	already spiral (model sentence); none
Exhibit_TWENTY-FOUR_Geodesic_Improving_Method_v376.md	217	C	in no closed society does a self still	in no society offered nothing from beyond does a self still
Exhibit_TWENTY-FOUR_Geodesic_Improving_Method_v376.md	284	S	the walk closes at a step arriving at a term already carried	closure named as the equilibrium; none
Exhibit_TWENTY-FOUR_Geodesic_Improving_Method_v376.md	335	S	a resolver ring's carrying, a window three selves long	a resolver spiral's carrying
Exhibit_TWENTY-FOUR_Geodesic_Improving_Method_v376.md	357	C	each ring result, the tipping ring, the even and odd returning ... they part at the seam the round closes at	each spiral result, the tipping spiral, the even and odd spirals' parities coming again ... they part at the seam where the parities come again, at a next momentary
Exhibit_TWELVE_Natural_Explaining_v375.md	389	F	closing in the other order of the opening (surgery)	field's, kept
Exhibit_TWELVE_Natural_Explaining_v375.md	389	S	without landing, looping or forking	looping named as the still; none
Exhibit_TWELVE_Natural_Explaining_v375.md	405	S	three at three selves across the ring	three at three selves across the spiral
Exhibit_TWELVE_Natural_Explaining_v375.md	411	S	Suspense is a telling at an odd ring, closing at no parity, a meeting travelling round it and never locking	a telling at an odd spiral, closing at no parity, a zero tunnelling along it and never locking
Exhibit_TWENTY-SIX_Living_File_Registry_v377.md	10	S	1.2 Three standings, looping out and back	1.2 Three standings, spiraling out and on
Exhibit_TWENTY-SIX_Living_File_Registry_v377.md	68	S	at 4.13 a 0 going round ... rings looping and crossing at 4.13	at 4.13 a 0 tunnelling along ... spirals co-spiraling and crossing
Exhibit_TWENTY-SIX_Living_File_Registry_v377.md	69	S	the ring check ... its tables of rings crossing	the spiral check ... spirals crossing
Exhibit_TWENTY-SIX_Living_File_Registry_v377.md	98	S	a winding closing on itself and dying	consistent
Exhibit_TWENTY-SIX_Living_File_Registry_v377.md	104	C	## 1.2 Three standings, looping out and back	## 1.2 Three standings, spiraling out and on
Exhibit_TWENTY-SIX_Living_File_Registry_v377.md	108	C	the standings loop out and back through it ... The out and back at the files is the same loop the code carries, a surfacing released across and arriving back at the self through the society ... the loops replacing the count and the sum	the standings spiral out and on through it ... the same spiral the code carries, a surfacing released across and arriving at the self at a next momentary through the society: co-momentarying ... the spirals replacing the count and the sum
Exhibit_TWENTY-SIX_Living_File_Registry_v377.md	135	S	its engine, instruments and ring drivers	file names; 'spiral drivers' in prose
Exhibit_TWENTY-SIX_Living_File_Registry_v377.md	195	C	One resolving cycle runs through four overlapping momentaries of exchanging	One resolving four-momentarying runs through four overlapping momentaries of exchanging, each a next: co-momentarying
Exhibit_TWENTY-SIX_Living_File_Registry_v377.md	204	C	Four names the cycle.	Four names the four-momentarying, each now arriving as the prior of its next.
Exhibit_TWENTY-SIX_Living_File_Registry_v377.md	272	S	a momentary cycle	a momentary four
Exhibit_TWENTY-SIX_Living_File_Registry_v377.md	313	S	a final biospheric closing therefore needs comparison with that continuing	already flagged; consistent
Exhibit_TWENTY-SIX_Living_File_Registry_v377.md	348	F	Drying-liquid rings	physical, kept
Exhibit_TWENTY-SIX_Living_File_Registry_v377.md	365	S	the ring's ten changings	the spiral's ten changings
Exhibit_TWENTY-SIX_Living_File_Registry_v377.md	367	N	the going-and-returning faces ... the ring of one hundred twenty	podaling; no closure claimed
Exhibit_TWENTY-SIX_Living_File_Registry_v377.md	396	N	the ring of one hundred twenty	podaling; no closure claimed
Exhibit_TWENTY-SIX_Living_File_Registry_v377.md	615	F	the game continuing beyond a round	game round, kept
