height,timestamp,tx_count,nonce,pool
970618,1791541801,5578,616855260,SpiderPool
970619,1791543136,3535,271436928,BTC.com
970620,1791543579,4766,732732987,AntPool
970621,1791544459,4673,4181123610,SpiderPool
970622,1791544729,5027,1263776656,SECPOOL
970623,1791545593,4712,2962456464,F2Pool
970624,1791546636,4403,1935686474,Foundry USA
970625,1791547366,3785,300931172,AntPool
970626,1791547852,5259,1614394946,MARA Pool
970627,1791548463,4511,4193413509,AntPool
970628,1791548476,7468,634923678,F2Pool
970629,1791550191,4018,516204985,SpiderPool
970630,1791550499,3756,1445352296,SpiderPool
970631,1791550623,5379,2594972479,F2Pool
970632,1791550910,5558,3947428090,Foundry USA
970633,1791550978,7342,4004732102,AntPool
970634,1791551767,4445,730295346,MARA Pool
970635,1791552126,6202,2661401487,F2Pool
970636,1791552806,3998,889907562,MARA Pool
970637,1791553357,3988,2692402705,F2Pool
970638,1791553535,2207,1555879699,Unknown
970639,1791553761,2786,2675127610,ViaBTC
970640,1791554127,3225,4294304790,Foundry USA
970641,1791554369,5560,1129675045,Foundry USA
970642,1791554470,6121,3877125958,SpiderPool
970643,1791555698,4372,591304003,SpiderPool
970644,1791556283,4143,3253213257,Foundry USA
970645,1791555921,5770,259191997,SECPOOL
970646,1791556723,2825,625421508,AntPool
970647,1791558020,4014,3871981990,F2Pool
970648,1791558226,3249,4041272372,F2Pool
970649,1791559558,4233,1628287014,F2Pool
970650,1791559699,2923,1786822823,Foundry USA
970651,1791560425,3873,344940511,Foundry USA
970652,1791560598,3651,706488409,MARA Pool
970653,1791560609,5914,2139979856,F2Pool
970654,1791560657,1,459847626,AntPool
970655,1791560934,5052,682486992,BTC.com
970656,1791561690,3819,2458982797,OCEAN
970657,1791562934,3916,2323937057,SpiderPool
970658,1791564566,4415,2795807541,Foundry USA
970659,1791564572,3344,2351827352,AntPool
970660,1791566084,4028,4172522028,F2Pool
970661,1791566141,3417,1633837102,AntPool
970662,1791566480,3516,2206006272,MARA Pool
970663,1791567825,4333,448488900,AntPool
970664,1791567968,3544,2150898283,Foundry USA
970665,1791568048,4219,1394857455,Luxor
970666,1791568401,4488,483453175,ViaBTC
970667,1791569446,4138,1742663695,ViaBTC
970668,1791570335,3921,3685707413,Luxor
970669,1791571511,3825,2108486817,Foundry USA
970670,1791571747,3539,632649709,SpiderPool
970671,1791573418,4006,2485552584,AntPool
970672,1791574645,4292,1601105157,F2Pool
970673,1791576563,4202,2656851318,ViaBTC
970674,1791576653,3525,3060260852,Foundry USA
970675,1791576861,3715,137937557,Foundry USA
970676,1791577570,3441,2104375490,ViaBTC
970677,1791580867,3959,845367718,Foundry USA
970678,1791581652,4336,3413542537,Foundry USA
970679,1791581662,3898,3418107236,SpiderPool
970680,1791581844,2734,3838179161,AntPool
970681,1791582024,2373,98884193,Braiins Pool
970682,1791582459,3470,369779698,ViaBTC
970683,1791583196,3227,2561178831,Luxor
970684,1791584145,3457,1700804825,AntPool
970685,1791584600,4512,945437028,Foundry USA
970686,1791585411,3497,2218268003,ViaBTC
970687,1791586410,3579,709541162,F2Pool
970688,1791587691,3788,1069212291,Foundry USA
970689,1791587899,3024,3437964861,F2Pool
970690,1791588043,4626,400166276,Foundry USA
970691,1791588193,4658,3926774930,F2Pool
970692,1791589292,3302,2736206242,SECPOOL
970693,1791589365,5274,3020297196,ViaBTC
970694,1791590275,4740,1198558522,Foundry USA
970695,1791590573,5602,1214593069,Foundry USA
970696,1791591453,5346,530303247,Foundry USA
970697,1791592910,3317,701849355,WhitePool
970698,1791593095,4624,1451019979,Foundry USA
970699,1791593490,5081,3303577616,Foundry USA
970700,1791593308,6728,3652300573,Foundry USA
970701,1791593972,4915,834079827,Foundry USA
970702,1791594107,6350,2216286559,AntPool
970703,1791595216,4037,2645403790,F2Pool
970704,1791595421,6612,1744718620,F2Pool
970705,1791595774,21,1452177171,MARA Pool
970706,1791596929,3911,3232549773,SpiderPool
970707,1791598133,3609,3094750611,Foundry USA
970708,1791598824,5396,508718777,F2Pool
970709,1791599106,6380,1539360730,SpiderPool
970710,1791599157,6269,1664151847,AntPool
970711,1791599894,3973,2848356883,AntPool
970712,1791600877,4269,2446141908,ViaBTC
970713,1791601896,4165,143507073,Foundry USA
970714,1791603209,4445,4278320396,Foundry USA
970715,1791603410,6647,2400626757,Foundry USA
970716,1791603461,6150,4044932018,AntPool
970717,1791604761,3524,194101292,ViaBTC
970718,1791605455,4202,4113864806,Unknown
970719,1791606469,6227,3336753585,SpiderPool
970720,1791606279,5974,2220263146,ViaBTC
970721,1791606291,5554,2558457442,ViaBTC
970722,1791606870,5119,830466157,AntPool
970723,1791607152,5094,2192087432,AntPool
970724,1791607379,6562,1208138506,Luxor
970725,1791607586,6561,3745253300,Foundry USA
970726,1791607600,4634,585343007,SECPOOL
970727,1791609241,4534,4136620776,AntPool
970728,1791609949,2500,2998276553,SECPOOL
970729,1791610330,2123,607075419,ViaBTC
970730,1791610930,2670,1403679494,Foundry USA
970731,1791610973,4160,276326000,AntPool
970732,1791612717,3543,0,F2Pool
970733,1791612817,4896,0,ViaBTC
970734,1791613785,5362,0,MARA Pool
970735,1791613827,6201,0,Foundry USA
970736,1791614069,5923,0,ViaBTC
970737,1791616285,4119,0,Foundry USA
970738,1791617118,3275,0,Foundry USA
970739,1791617140,4095,0,Foundry USA
970740,1791617994,4259,0,Foundry USA
970741,1791618146,5222,0,ViaBTC
970742,1791620276,4431,0,F2Pool
970743,1791621169,3095,0,AntPool
970744,1791621384,4131,0,MARA Pool
970745,1791622278,3668,0,Foundry USA
970746,1791622281,5909,0,ViaBTC
