coupling,prior,now,gap_s,pace,second_self,nonce_parity,pause,possible
1,0,1,463160,,is not,odd,is,
2,1,2,79,shorter,is not,even,is not,
3,2,3,429,longer,is not,odd,is not,
4,3,4,815,longer,is not,odd,is not,
5,4,5,440,shorter,is not,odd,is not,
6,5,6,361,shorter,is not,even,is not,
7,6,7,580,longer,is not,odd,is not,
8,7,8,374,shorter,is not,even,is not,
9,8,9,536,longer,is not,even,is not,
10,9,10,673,longer,is not,even,is not,
11,10,11,408,shorter,is not,odd,is not,
12,11,12,528,longer,is not,odd,is not,
13,12,13,132,shorter,is not,odd,is not,
14,13,14,569,longer,is not,odd,is not,
15,14,15,87157,longer,is not,even,is,
16,15,16,12,shorter,is not,even,is not,
17,16,17,1033,longer,is not,odd,is not,
18,17,18,543,shorter,is not,even,is not,
19,18,19,640,longer,is not,even,is not,
20,19,20,1021,longer,is not,even,is not,
21,20,21,558,shorter,is not,odd,is not,
22,21,22,914,longer,is not,even,is not,
23,22,23,144,shorter,is not,odd,is not,
24,23,24,666,longer,is not,odd,is not,
25,24,25,369,shorter,is not,odd,is not,
26,25,26,1804,longer,is not,even,is not,
27,26,27,123,shorter,is not,even,is not,
28,27,28,30884,longer,is not,even,is,
29,28,29,46,shorter,is not,even,is not,
30,29,30,619,longer,is not,even,is not,
31,30,31,614,shorter,is not,odd,is not,
32,31,32,435,shorter,is not,even,is not,
33,32,33,768,longer,is not,even,is not,
34,33,34,399,shorter,is not,even,is not,
35,34,35,815,longer,is not,even,is not,
36,35,36,636,shorter,is not,even,is not,
37,36,37,973,longer,is not,odd,is not,
38,37,38,726,shorter,is not,even,is not,
39,38,39,23,shorter,is not,even,is not,
40,39,40,697,longer,is not,even,is not,
41,40,41,695,shorter,is not,odd,is not,
42,41,42,250,shorter,is not,odd,is not,
43,42,43,324,longer,is not,even,is not,
44,43,44,884,longer,is not,even,is not,
45,44,45,707,shorter,is not,odd,is not,
46,45,46,725,longer,is not,odd,is not,
47,46,47,1095,longer,is not,even,is not,
48,47,48,252,shorter,is not,odd,is not,
49,48,49,662,longer,is not,even,is not,
50,49,50,896,longer,is not,even,is not,
51,50,51,805,shorter,is not,odd,is not,
52,51,52,860,longer,is not,odd,is not,
53,52,53,827,shorter,is not,even,is not,
54,53,54,196,shorter,is not,even,is not,
55,54,55,1123,longer,is not,odd,is not,
56,55,56,339,shorter,is not,odd,is not,
57,56,57,828,longer,is not,even,is not,
58,57,58,888,longer,is not,even,is not,
59,58,59,364,shorter,is not,even,is not,
60,59,60,1031,longer,is not,even,is not,
61,60,61,486,shorter,is not,odd,is not,
62,61,62,779,longer,is not,odd,is not,
63,62,63,656,shorter,is not,even,is not,
64,63,64,227,shorter,is not,odd,is not,
65,64,65,396,longer,is not,odd,is not,
66,65,66,517,longer,is not,odd,is not,
67,66,67,1052,longer,is not,even,is not,
68,67,68,546,shorter,is not,even,is not,
69,68,69,361,shorter,is not,even,is not,
70,69,70,667,longer,is not,even,is not,
71,70,71,813,longer,is not,even,is not,
72,71,72,735,shorter,is not,even,is not,
73,72,73,1094,longer,is not,odd,is not,
74,73,74,901,shorter,is not,odd,is not,
75,74,75,633,shorter,is not,odd,is not,
76,75,76,732,longer,is not,even,is not,
77,76,77,630,shorter,is not,even,is not,
78,77,78,2470,longer,is not,even,is not,
79,78,79,9953,longer,is not,odd,is,
80,79,80,470,shorter,is not,even,is not,
81,80,81,379,shorter,is not,even,is not,
82,81,82,1035,longer,is not,odd,is not,
83,82,83,1092,longer,is not,even,is not,
84,83,84,914,shorter,is not,even,is not,
85,84,85,986,longer,is not,even,is not,
86,85,86,503,shorter,is not,odd,is not,
87,86,87,902,longer,is not,odd,is not,
88,87,88,520,shorter,is not,even,is not,
89,88,89,801,longer,is not,odd,is not,
90,89,90,341,shorter,is not,even,is not,
91,90,91,679,longer,is not,odd,is not,
92,91,92,332,shorter,is not,odd,is not,
93,92,93,476,longer,is not,odd,is not,
94,93,94,544,longer,is not,odd,is not,
95,94,95,623,longer,is not,odd,is not,
96,95,96,981,longer,is not,odd,is not,
97,96,97,883,shorter,is not,odd,is not,
98,97,98,1065,longer,is not,even,is not,
99,98,99,1013,shorter,is not,odd,is not,
100,99,100,679,shorter,is not,odd,is not,
101,100,101,916,longer,is not,odd,is not,
102,101,102,929,longer,is not,odd,is not,
103,102,103,797,shorter,is not,odd,is not,
104,103,104,542,shorter,is not,odd,is not,
105,104,105,558,longer,is not,even,is not,
106,105,106,998,longer,is not,even,is not,
107,106,107,720,shorter,is not,even,is not,
108,107,108,937,longer,is not,even,is not,
109,108,109,552,shorter,is not,odd,is not,
110,109,110,965,longer,is not,odd,is not,
111,110,111,934,shorter,is not,even,is not,
112,111,112,464,shorter,is not,even,is not,
113,112,113,838,longer,is not,even,is not,
114,113,114,644,shorter,is not,even,is not,
115,114,115,344,shorter,is not,odd,is not,
116,115,116,585,longer,is not,odd,is not,
117,116,117,599,longer,is not,odd,is not,
118,117,118,337,shorter,is not,odd,is not,
119,118,119,1073,longer,is not,even,is not,
120,119,120,1066,shorter,is not,even,is not,
121,120,121,658,shorter,is not,even,is not,
122,121,122,592,shorter,is not,odd,is not,
123,122,123,950,longer,is not,even,is not,
124,123,124,455,shorter,is not,odd,is not,
125,124,125,977,longer,is not,even,is not,
126,125,126,644,shorter,is not,even,is not,
127,126,127,2066,longer,is not,even,is not,
128,127,128,126,shorter,is not,even,is not,
