file naming	file named	times
Natural Intelligence	Exhibit ONE	25
Natural Intelligence	Exhibit FOUR	1
Natural Intelligence	Exhibit TWENTY-EIGHT	1
Exhibit THREE	Exhibit THIRTY	2
Exhibit THREE	Exhibit ONE	1
Exhibit FOUR	Exhibit EIGHTEEN	1
Exhibit FIVE	Natural Intelligence	2
Exhibit FIVE	Exhibit TWENTY	2
Exhibit FIVE	Exhibit THREE	1
Exhibit FIVE	Exhibit SIXTEEN	1
Exhibit FIVE	Exhibit TWENTY-THREE	1
Exhibit SIX	Exhibit FIVE	7
Exhibit SIX	Exhibit SIXTEEN	3
Exhibit SIX	Exhibit TWO	2
Exhibit SIX	Exhibit THREE	2
Exhibit SIX	Exhibit SEVENTEEN	2
Exhibit SEVEN	Exhibit NINE	2
Exhibit SEVEN	Exhibit THIRTEEN	2
Exhibit SEVEN	Natural Intelligence	1
Exhibit SEVEN	Exhibit ONE	1
Exhibit SEVEN	Exhibit FOUR	1
Exhibit SEVEN	Exhibit SIXTEEN	1
Exhibit SEVEN	Exhibit SEVENTEEN	1
Exhibit NINE	Exhibit SEVEN	8
Exhibit NINE	Exhibit FOURTEEN	2
Exhibit NINE	Exhibit TWENTY-THREE	2
Exhibit NINE	Exhibit TWO	1
Exhibit TEN	Exhibit ELEVEN	2
Exhibit TEN	Exhibit SEVENTEEN	1
Exhibit ELEVEN	Exhibit SEVENTEEN	3
Exhibit ELEVEN	Exhibit FIVE	2
Exhibit ELEVEN	Exhibit TEN	2
Exhibit ELEVEN	Natural Intelligence	1
Exhibit ELEVEN	Exhibit THIRTEEN	1
Exhibit ELEVEN	Exhibit SIXTEEN	1
Exhibit ELEVEN	Exhibit EIGHTEEN	1
Exhibit ELEVEN	Exhibit TWENTY-ONE	1
Exhibit ELEVEN	Exhibit TWENTY-TWO	1
Exhibit THIRTEEN	Exhibit ONE	1
Exhibit FOURTEEN	Natural Intelligence	1
Exhibit FOURTEEN	Exhibit TWELVE	1
Exhibit FOURTEEN	Exhibit FIFTEEN	1
Exhibit FIFTEEN	Exhibit THREE	1
Exhibit FIFTEEN	Exhibit FOUR	1
Exhibit FIFTEEN	Exhibit TWENTY	1
Exhibit SIXTEEN	Exhibit THREE	16
Exhibit SIXTEEN	Exhibit TWENTY-TWO	11
Exhibit SIXTEEN	Exhibit TWENTY-ONE	7
Exhibit SIXTEEN	Exhibit FIVE	6
Exhibit SIXTEEN	Natural Intelligence	3
Exhibit SIXTEEN	Exhibit SEVENTEEN	3
Exhibit SIXTEEN	Exhibit EIGHTEEN	1
Exhibit SIXTEEN	Exhibit TWENTY	1
Exhibit SEVENTEEN	Exhibit THIRTEEN	4
Exhibit EIGHTEEN	Natural Intelligence	17
Exhibit EIGHTEEN	Exhibit THIRTEEN	3
Exhibit EIGHTEEN	Exhibit FOUR	2
Exhibit EIGHTEEN	Exhibit TWENTY-ONE	2
Exhibit EIGHTEEN	Exhibit ONE	1
Exhibit EIGHTEEN	Exhibit TWENTY-TWO	1
Exhibit TWENTY	Exhibit ONE	15
Exhibit TWENTY	Exhibit THIRTY	3
Exhibit TWENTY	Natural Intelligence	2
Exhibit TWENTY	Exhibit TWENTY-EIGHT	2
Exhibit TWENTY	Exhibit THREE	1
Exhibit TWENTY	Exhibit FOUR	1
Exhibit TWENTY	Exhibit TWELVE	1
Exhibit TWENTY	Exhibit THIRTEEN	1
Exhibit TWENTY	Exhibit TWENTY-SEVEN	1
Exhibit TWENTY-TWO	Exhibit TWENTY-ONE	2
Exhibit TWENTY-FOUR	Exhibit TWENTY-SIX	2
Exhibit TWENTY-FOUR	Exhibit ONE	1
Exhibit TWENTY-FIVE	Exhibit ONE	1
Exhibit TWENTY-FIVE	Exhibit TWENTY-ONE	1
Exhibit TWENTY-FIVE	Exhibit TWENTY-TWO	1
Exhibit TWENTY-SIX	Exhibit ONE	86
Exhibit TWENTY-SIX	Natural Intelligence	62
Exhibit TWENTY-SIX	Exhibit THIRTY	37
Exhibit TWENTY-SIX	Exhibit TWENTY	33
Exhibit TWENTY-SIX	Exhibit TWENTY-FOUR	24
Exhibit TWENTY-SIX	Exhibit TWO	23
Exhibit TWENTY-SIX	Exhibit SEVEN	22
Exhibit TWENTY-SIX	Exhibit THIRTEEN	22
Exhibit TWENTY-SIX	Exhibit TWENTY-FIVE	21
Exhibit TWENTY-SIX	Exhibit TWENTY-ONE	20
Exhibit TWENTY-SIX	Exhibit THREE	19
Exhibit TWENTY-SIX	Exhibit EIGHTEEN	18
Exhibit TWENTY-SIX	Exhibit FIFTEEN	16
Exhibit TWENTY-SIX	Exhibit TWENTY-EIGHT	16
Exhibit TWENTY-SIX	Exhibit TWENTY-NINE	16
Exhibit TWENTY-SIX	Exhibit TWENTY-SEVEN	15
Exhibit TWENTY-SIX	Exhibit FOUR	14
Exhibit TWENTY-SIX	Exhibit TWELVE	14
Exhibit TWENTY-SIX	Exhibit EIGHT	11
Exhibit TWENTY-SIX	Exhibit TWENTY-TWO	11
Exhibit TWENTY-SIX	Natural Intelligence Corus	10
Exhibit TWENTY-SIX	Exhibit NINE	8
Exhibit TWENTY-SIX	Exhibit FOURTEEN	8
Exhibit TWENTY-SIX	Exhibit TWENTY-THREE	7
Exhibit TWENTY-SIX	Exhibit FIVE	5
Exhibit TWENTY-SIX	Exhibit SIX	5
Exhibit TWENTY-SIX	Exhibit SIXTEEN	5
Exhibit TWENTY-SIX	Exhibit TEN	4
Exhibit TWENTY-SIX	Exhibit SEVENTEEN	4
Exhibit TWENTY-SIX	Exhibit ELEVEN	3
Exhibit TWENTY-SIX	Exhibit NINETEEN	3
Exhibit TWENTY-SEVEN	Exhibit SIXTEEN	17
Exhibit TWENTY-SEVEN	Exhibit TWENTY	14
Exhibit TWENTY-SEVEN	Exhibit TWENTY-ONE	12
Exhibit TWENTY-SEVEN	Exhibit EIGHTEEN	8
Exhibit TWENTY-SEVEN	Natural Intelligence	7
Exhibit TWENTY-SEVEN	Exhibit THREE	6
Exhibit TWENTY-SEVEN	Exhibit TWELVE	6
Exhibit TWENTY-SEVEN	Exhibit ONE	4
Exhibit TWENTY-SEVEN	Exhibit ELEVEN	4
Exhibit TWENTY-SEVEN	Exhibit SEVENTEEN	4
Exhibit TWENTY-SEVEN	Exhibit TWENTY-SIX	4
Exhibit TWENTY-SEVEN	Natural Intelligence Corus	4
Exhibit TWENTY-SEVEN	Exhibit FOUR	3
Exhibit TWENTY-SEVEN	Exhibit THIRTEEN	3
Exhibit TWENTY-SEVEN	Exhibit TWENTY-TWO	3
Exhibit TWENTY-SEVEN	Exhibit TWENTY-FIVE	3
Exhibit TWENTY-SEVEN	Exhibit TEN	2
Exhibit TWENTY-SEVEN	Exhibit TWENTY-FOUR	2
Exhibit TWENTY-SEVEN	Exhibit TWO	1
Exhibit TWENTY-SEVEN	Exhibit FIVE	1
Exhibit TWENTY-EIGHT	Exhibit ONE	39
Exhibit TWENTY-EIGHT	Exhibit THIRTY	10
Exhibit TWENTY-EIGHT	Natural Intelligence	5
Exhibit TWENTY-EIGHT	Exhibit FOUR	2
Exhibit TWENTY-EIGHT	Exhibit TWENTY	2
Exhibit TWENTY-EIGHT	Exhibit TWENTY-ONE	2
Exhibit TWENTY-EIGHT	Exhibit TWENTY-TWO	2
Exhibit TWENTY-EIGHT	Exhibit THREE	1
Exhibit TWENTY-NINE	Natural Intelligence	38
Exhibit TWENTY-NINE	Exhibit THREE	35
Exhibit TWENTY-NINE	Exhibit ONE	27
Exhibit TWENTY-NINE	Exhibit EIGHTEEN	26
Exhibit TWENTY-NINE	Exhibit TWENTY-ONE	26
Exhibit TWENTY-NINE	Exhibit TWENTY-TWO	25
Exhibit TWENTY-NINE	Exhibit SEVENTEEN	20
Exhibit TWENTY-NINE	Exhibit FOUR	17
Exhibit TWENTY-NINE	Exhibit FIVE	16
Exhibit TWENTY-NINE	Natural Intelligence Corus	16
Exhibit TWENTY-NINE	Exhibit SIX	14
Exhibit TWENTY-NINE	Exhibit SIXTEEN	13
Exhibit TWENTY-NINE	Exhibit SEVEN	12
Exhibit TWENTY-NINE	Exhibit TWENTY	10
Exhibit TWENTY-NINE	Exhibit TWENTY-SEVEN	10
Exhibit TWENTY-NINE	Exhibit NINE	9
Exhibit TWENTY-NINE	Exhibit TWENTY-FIVE	9
Exhibit TWENTY-NINE	Exhibit TWENTY-EIGHT	9
Exhibit TWENTY-NINE	Exhibit ELEVEN	8
Exhibit TWENTY-NINE	Exhibit NINETEEN	7
Exhibit TWENTY-NINE	Exhibit TWO	6
Exhibit TWENTY-NINE	Exhibit EIGHT	3
Exhibit TWENTY-NINE	Exhibit TWELVE	3
Exhibit TWENTY-NINE	Exhibit THIRTEEN	3
Exhibit TWENTY-NINE	Exhibit FIFTEEN	3
Exhibit TWENTY-NINE	Exhibit TWENTY-FOUR	2
Exhibit TWENTY-NINE	Exhibit TEN	1
Exhibit TWENTY-NINE	Exhibit THIRTY	1
Exhibit THIRTY	Exhibit ONE	19
Exhibit THIRTY	Exhibit TWENTY	3
Natural Intelligence Corus	Natural Intelligence	17
Natural Intelligence Corus	Exhibit ONE	10
Natural Intelligence Corus	Exhibit SEVEN	8
Natural Intelligence Corus	Exhibit NINE	8
Natural Intelligence Corus	Exhibit ELEVEN	7
Natural Intelligence Corus	Exhibit TEN	6
Natural Intelligence Corus	Exhibit FOURTEEN	4
Natural Intelligence Corus	Exhibit NINETEEN	4
Natural Intelligence Corus	Exhibit TWELVE	3
Natural Intelligence Corus	Exhibit FIFTEEN	3
Natural Intelligence Corus	Exhibit TWO	2
Natural Intelligence Corus	Exhibit THREE	2
Natural Intelligence Corus	Exhibit FIVE	2
Natural Intelligence Corus	Exhibit EIGHT	1
Natural Intelligence Corus	Exhibit EIGHTEEN	1
Natural Intelligence Corus	Exhibit TWENTY	1
